-- phpMyAdmin SQL Dump
-- version 4.8.4
-- https://www.phpmyadmin.net/
--
-- Host: 127.0.0.1
-- Waktu pembuatan: 17 Mar 2019 pada 04.36
-- Versi server: 10.1.37-MariaDB
-- Versi PHP: 7.2.14

SET SQL_MODE = "NO_AUTO_VALUE_ON_ZERO";
SET AUTOCOMMIT = 0;
START TRANSACTION;
SET time_zone = "+00:00";


/*!40101 SET @OLD_CHARACTER_SET_CLIENT=@@CHARACTER_SET_CLIENT */;
/*!40101 SET @OLD_CHARACTER_SET_RESULTS=@@CHARACTER_SET_RESULTS */;
/*!40101 SET @OLD_COLLATION_CONNECTION=@@COLLATION_CONNECTION */;
/*!40101 SET NAMES utf8mb4 */;

--
-- Database: `psikotes`
--

-- --------------------------------------------------------

--
-- Struktur dari tabel `kelas`
--

CREATE TABLE `kelas` (
  `id_kelas` int(5) NOT NULL,
  `kelas` varchar(20) NOT NULL
) ENGINE=MyISAM DEFAULT CHARSET=latin1;

--
-- Dumping data untuk tabel `kelas`
--

INSERT INTO `kelas` (`id_kelas`, `kelas`) VALUES
(5, 'TI 2014 E'),
(4, 'TI 2014 D'),
(3, 'TI 2014 C'),
(2, 'TI 2014 B'),
(1, 'TI 2014 A'),
(6, 'TI 2014 F'),
(7, 'SI 2014 A'),
(8, 'SI 2014 B'),
(9, 'SI 2014 C'),
(10, 'SI 2014 D'),
(47, 'TI 2015 A'),
(48, 'TI 2015 B'),
(49, 'TI 2015 C'),
(50, 'TI 2015 D'),
(51, 'TI 2015 E'),
(52, 'TI 2015 F'),
(53, 'SI 2015 A'),
(54, 'SI 2015 B'),
(55, 'SI 2015 C'),
(56, 'SI 2015 D');

-- --------------------------------------------------------

--
-- Struktur dari tabel `kelas_ujian`
--

CREATE TABLE `kelas_ujian` (
  `id_ujian` int(5) NOT NULL,
  `id_kelas` int(5) NOT NULL,
  `aktif` enum('Y','N') NOT NULL DEFAULT 'N'
) ENGINE=MyISAM DEFAULT CHARSET=latin1;

--
-- Dumping data untuk tabel `kelas_ujian`
--

INSERT INTO `kelas_ujian` (`id_ujian`, `id_kelas`, `aktif`) VALUES
(84, 22, 'N'),
(1, 22, 'Y'),
(1, 21, 'Y'),
(84, 21, 'N'),
(84, 1, 'N'),
(1, 28, 'Y'),
(83, 22, 'N'),
(83, 21, 'N'),
(84, 43, 'N'),
(84, 28, 'N'),
(77, 21, 'Y'),
(77, 1, 'N'),
(77, 22, 'N'),
(77, 28, 'N'),
(77, 43, 'N'),
(81, 21, 'N'),
(1, 43, 'Y'),
(86, 21, 'Y'),
(85, 21, 'Y'),
(83, 28, 'N'),
(81, 22, 'N');

-- --------------------------------------------------------

--
-- Struktur dari tabel `kelompok`
--

CREATE TABLE `kelompok` (
  `id` int(11) NOT NULL,
  `nim` varchar(15) NOT NULL,
  `kategori` varchar(50) NOT NULL,
  `kelompok` mediumint(20) NOT NULL,
  `periode` varchar(20) NOT NULL,
  `jk` char(2) NOT NULL
) ENGINE=InnoDB DEFAULT CHARSET=latin1;

--
-- Dumping data untuk tabel `kelompok`
--

INSERT INTO `kelompok` (`id`, `nim`, `kategori`, `kelompok`, `periode`, `jk`) VALUES
(3790, '1511009', 'Conscientiousness', 1, '2018/2019', 'L'),
(3791, '1511016', 'Conscientiousness', 2, '2018/2019', 'L'),
(3792, '1511027', 'Conscientiousness', 3, '2018/2019', 'L'),
(3793, '1511030', 'Conscientiousness', 4, '2018/2019', 'L'),
(3794, '1511031', 'Conscientiousness', 5, '2018/2019', 'L'),
(3795, '1511034', 'Conscientiousness', 6, '2018/2019', 'L'),
(3796, '1511036', 'Conscientiousness', 7, '2018/2019', 'L'),
(3797, '1511037', 'Conscientiousness', 8, '2018/2019', 'L'),
(3798, '1511046', 'Conscientiousness', 9, '2018/2019', 'L'),
(3799, '1511047', 'Conscientiousness', 10, '2018/2019', 'L'),
(3800, '1511067', 'Conscientiousness', 11, '2018/2019', 'L'),
(3801, '1511071', 'Conscientiousness', 12, '2018/2019', 'L'),
(3802, '1511092', 'Conscientiousness', 13, '2018/2019', 'L'),
(3803, '1511093', 'Conscientiousness', 14, '2018/2019', 'L'),
(3804, '1511094', 'Conscientiousness', 15, '2018/2019', 'L'),
(3805, '1511095', 'Conscientiousness', 16, '2018/2019', 'L'),
(3806, '1511099', 'Conscientiousness', 17, '2018/2019', 'L'),
(3807, '1512001', 'Conscientiousness', 18, '2018/2019', 'L'),
(3808, '1512002', 'Conscientiousness', 19, '2018/2019', 'L'),
(3809, '1512004', 'Conscientiousness', 20, '2018/2019', 'L'),
(3810, '1512010', 'Conscientiousness', 21, '2018/2019', 'L'),
(3811, '1512013', 'Conscientiousness', 22, '2018/2019', 'L'),
(3812, '1512015', 'Conscientiousness', 23, '2018/2019', 'L'),
(3813, '1512017', 'Conscientiousness', 24, '2018/2019', 'L'),
(3814, '1512021', 'Conscientiousness', 25, '2018/2019', 'L'),
(3815, '1512030', 'Conscientiousness', 26, '2018/2019', 'L'),
(3816, '1512037', 'Conscientiousness', 1, '2018/2019', 'L'),
(3817, '1512048', 'Conscientiousness', 2, '2018/2019', 'L'),
(3818, '1512051', 'Conscientiousness', 3, '2018/2019', 'L'),
(3819, '1512052', 'Conscientiousness', 4, '2018/2019', 'L'),
(3820, '1512055', 'Conscientiousness', 5, '2018/2019', 'L'),
(3821, '1512057', 'Conscientiousness', 6, '2018/2019', 'L'),
(3822, '1512058', 'Conscientiousness', 7, '2018/2019', 'L'),
(3823, '1512067', 'Conscientiousness', 8, '2018/2019', 'L'),
(3824, '1512068', 'Conscientiousness', 9, '2018/2019', 'L'),
(3825, '1512088', 'Conscientiousness', 10, '2018/2019', 'L'),
(3826, '1512092', 'Conscientiousness', 11, '2018/2019', 'L'),
(3827, '1512113', 'Conscientiousness', 12, '2018/2019', 'L'),
(3828, '1512114', 'Conscientiousness', 13, '2018/2019', 'L'),
(3829, '1512115', 'Conscientiousness', 14, '2018/2019', 'L'),
(3830, '1512116', 'Conscientiousness', 15, '2018/2019', 'L'),
(3831, '1512120', 'Conscientiousness', 16, '2018/2019', 'L'),
(3832, '1512121', 'Conscientiousness', 17, '2018/2019', 'L'),
(3833, '1512122', 'Conscientiousness', 18, '2018/2019', 'L'),
(3834, '1512124', 'Conscientiousness', 19, '2018/2019', 'L'),
(3835, '1512130', 'Conscientiousness', 20, '2018/2019', 'L'),
(3836, '1512133', 'Conscientiousness', 21, '2018/2019', 'L'),
(3837, '1512135', 'Conscientiousness', 22, '2018/2019', 'L'),
(3838, '1512137', 'Conscientiousness', 23, '2018/2019', 'L'),
(3839, '1512141', 'Conscientiousness', 24, '2018/2019', 'L'),
(3840, '1512150', 'Conscientiousness', 25, '2018/2019', 'L'),
(3841, '1512157', 'Conscientiousness', 26, '2018/2019', 'L'),
(3842, '1511005', 'Conscientiousness', 1, '2018/2019', 'P'),
(3843, '1511013', 'Conscientiousness', 2, '2018/2019', 'P'),
(3844, '1511014', 'Conscientiousness', 3, '2018/2019', 'P'),
(3845, '1511026', 'Conscientiousness', 4, '2018/2019', 'P'),
(3846, '1511032', 'Conscientiousness', 5, '2018/2019', 'P'),
(3847, '1511033', 'Conscientiousness', 6, '2018/2019', 'P'),
(3848, '1511045', 'Conscientiousness', 7, '2018/2019', 'P'),
(3849, '1511055', 'Conscientiousness', 8, '2018/2019', 'P'),
(3850, '1511056', 'Conscientiousness', 9, '2018/2019', 'P'),
(3851, '1511062', 'Conscientiousness', 10, '2018/2019', 'P'),
(3852, '1511063', 'Conscientiousness', 11, '2018/2019', 'P'),
(3853, '1511064', 'Conscientiousness', 12, '2018/2019', 'P'),
(3854, '1511065', 'Conscientiousness', 13, '2018/2019', 'P'),
(3855, '1511066', 'Conscientiousness', 14, '2018/2019', 'P'),
(3856, '1511076', 'Conscientiousness', 15, '2018/2019', 'P'),
(3857, '1511077', 'Conscientiousness', 16, '2018/2019', 'P'),
(3858, '1511078', 'Conscientiousness', 17, '2018/2019', 'P'),
(3859, '1511082', 'Conscientiousness', 18, '2018/2019', 'P'),
(3860, '1511083', 'Conscientiousness', 19, '2018/2019', 'P'),
(3861, '1511084', 'Conscientiousness', 20, '2018/2019', 'P'),
(3862, '1511096', 'Conscientiousness', 21, '2018/2019', 'P'),
(3863, '1511097', 'Conscientiousness', 22, '2018/2019', 'P'),
(3864, '1511098', 'Conscientiousness', 23, '2018/2019', 'P'),
(3865, '1512003', 'Conscientiousness', 24, '2018/2019', 'P'),
(3866, '1512007', 'Conscientiousness', 25, '2018/2019', 'P'),
(3867, '1512011', 'Conscientiousness', 26, '2018/2019', 'P'),
(3868, '1512012', 'Conscientiousness', 1, '2018/2019', 'P'),
(3869, '1512018', 'Conscientiousness', 2, '2018/2019', 'P'),
(3870, '1512020', 'Conscientiousness', 3, '2018/2019', 'P'),
(3871, '1512026', 'Conscientiousness', 4, '2018/2019', 'P'),
(3872, '1512034', 'Conscientiousness', 5, '2018/2019', 'P'),
(3873, '1512035', 'Conscientiousness', 6, '2018/2019', 'P'),
(3874, '1512047', 'Conscientiousness', 7, '2018/2019', 'P'),
(3875, '1512053', 'Conscientiousness', 8, '2018/2019', 'P'),
(3876, '1512054', 'Conscientiousness', 9, '2018/2019', 'P'),
(3877, '1512066', 'Conscientiousness', 10, '2018/2019', 'P'),
(3878, '1512076', 'Conscientiousness', 11, '2018/2019', 'P'),
(3879, '1512077', 'Conscientiousness', 12, '2018/2019', 'P'),
(3880, '1512083', 'Conscientiousness', 13, '2018/2019', 'P'),
(3881, '1512084', 'Conscientiousness', 14, '2018/2019', 'P'),
(3882, '1512085', 'Conscientiousness', 15, '2018/2019', 'P'),
(3883, '1512086', 'Conscientiousness', 16, '2018/2019', 'P'),
(3884, '1512087', 'Conscientiousness', 17, '2018/2019', 'P'),
(3885, '1512097', 'Conscientiousness', 18, '2018/2019', 'P'),
(3886, '1512098', 'Conscientiousness', 19, '2018/2019', 'P'),
(3887, '1512099', 'Conscientiousness', 20, '2018/2019', 'P'),
(3888, '1512103', 'Conscientiousness', 21, '2018/2019', 'P'),
(3889, '1512104', 'Conscientiousness', 22, '2018/2019', 'P'),
(3890, '1512105', 'Conscientiousness', 23, '2018/2019', 'P'),
(3891, '1512117', 'Conscientiousness', 24, '2018/2019', 'P'),
(3892, '1512118', 'Conscientiousness', 25, '2018/2019', 'P'),
(3893, '1512119', 'Conscientiousness', 26, '2018/2019', 'P'),
(3894, '1512123', 'Conscientiousness', 1, '2018/2019', 'P'),
(3895, '1512127', 'Conscientiousness', 2, '2018/2019', 'P'),
(3896, '1512131', 'Conscientiousness', 3, '2018/2019', 'P'),
(3897, '1512132', 'Conscientiousness', 4, '2018/2019', 'P'),
(3898, '1512138', 'Conscientiousness', 5, '2018/2019', 'P'),
(3899, '1512140', 'Conscientiousness', 6, '2018/2019', 'P'),
(3900, '1512146', 'Conscientiousness', 7, '2018/2019', 'P'),
(3901, '1512154', 'Conscientiousness', 8, '2018/2019', 'P'),
(3902, '1512155', 'Conscientiousness', 9, '2018/2019', 'P'),
(3903, '1511001', 'Dominant', 10, '2018/2019', 'L'),
(3904, '1511003', 'Dominant', 11, '2018/2019', 'L'),
(3905, '1511035', 'Dominant', 12, '2018/2019', 'L'),
(3906, '1512022', 'Dominant', 13, '2018/2019', 'L'),
(3907, '1512024', 'Dominant', 14, '2018/2019', 'L'),
(3908, '1512056', 'Dominant', 15, '2018/2019', 'L'),
(3909, '1512142', 'Dominant', 16, '2018/2019', 'L'),
(3910, '1512144', 'Dominant', 17, '2018/2019', 'L'),
(3911, '1511015', 'Dominant', 18, '2018/2019', 'P'),
(3912, '1511060', 'Dominant', 19, '2018/2019', 'P'),
(3913, '1511061', 'Dominant', 20, '2018/2019', 'P'),
(3914, '1512036', 'Dominant', 21, '2018/2019', 'P'),
(3915, '1512081', 'Dominant', 22, '2018/2019', 'P'),
(3916, '1512082', 'Dominant', 23, '2018/2019', 'P'),
(3917, '1512156', 'Dominant', 24, '2018/2019', 'P'),
(3918, '1511004', 'Influencing', 25, '2018/2019', 'L'),
(3919, '1511010', 'Influencing', 26, '2018/2019', 'L'),
(3920, '1511011', 'Influencing', 1, '2018/2019', 'L'),
(3921, '1511017', 'Influencing', 2, '2018/2019', 'L'),
(3922, '1511018', 'Influencing', 3, '2018/2019', 'L'),
(3923, '1511019', 'Influencing', 4, '2018/2019', 'L'),
(3924, '1511023', 'Influencing', 5, '2018/2019', 'L'),
(3925, '1511038', 'Influencing', 6, '2018/2019', 'L'),
(3926, '1511039', 'Influencing', 7, '2018/2019', 'L'),
(3927, '1511040', 'Influencing', 8, '2018/2019', 'L'),
(3928, '1511044', 'Influencing', 9, '2018/2019', 'L'),
(3929, '1511057', 'Influencing', 10, '2018/2019', 'L'),
(3930, '1511068', 'Influencing', 11, '2018/2019', 'L'),
(3931, '1511069', 'Influencing', 12, '2018/2019', 'L'),
(3932, '1511070', 'Influencing', 13, '2018/2019', 'L'),
(3933, '1511072', 'Influencing', 14, '2018/2019', 'L'),
(3934, '1511073', 'Influencing', 15, '2018/2019', 'L'),
(3935, '1512025', 'Influencing', 16, '2018/2019', 'L'),
(3936, '1512031', 'Influencing', 17, '2018/2019', 'L'),
(3937, '1512032', 'Influencing', 18, '2018/2019', 'L'),
(3938, '1512038', 'Influencing', 19, '2018/2019', 'L'),
(3939, '1512039', 'Influencing', 20, '2018/2019', 'L'),
(3940, '1512040', 'Influencing', 21, '2018/2019', 'L'),
(3941, '1512044', 'Influencing', 22, '2018/2019', 'L'),
(3942, '1512059', 'Influencing', 23, '2018/2019', 'L'),
(3943, '1512060', 'Influencing', 24, '2018/2019', 'L'),
(3944, '1512061', 'Influencing', 25, '2018/2019', 'L'),
(3945, '1512065', 'Influencing', 26, '2018/2019', 'L'),
(3946, '1512078', 'Influencing', 1, '2018/2019', 'L'),
(3947, '1512089', 'Influencing', 2, '2018/2019', 'L'),
(3948, '1512090', 'Influencing', 3, '2018/2019', 'L'),
(3949, '1512091', 'Influencing', 4, '2018/2019', 'L'),
(3950, '1512093', 'Influencing', 5, '2018/2019', 'L'),
(3951, '1512094', 'Influencing', 6, '2018/2019', 'L'),
(3952, '1512145', 'Influencing', 7, '2018/2019', 'L'),
(3953, '1512151', 'Influencing', 8, '2018/2019', 'L'),
(3954, '1512152', 'Influencing', 9, '2018/2019', 'L'),
(3955, '1512158', 'Influencing', 10, '2018/2019', 'L'),
(3956, '1512159', 'Influencing', 11, '2018/2019', 'L'),
(3957, '1512160', 'Influencing', 12, '2018/2019', 'L'),
(3958, '1511020', 'Influencing', 13, '2018/2019', 'P'),
(3959, '1511021', 'Influencing', 14, '2018/2019', 'P'),
(3960, '1511022', 'Influencing', 15, '2018/2019', 'P'),
(3961, '1511024', 'Influencing', 16, '2018/2019', 'P'),
(3962, '1511041', 'Influencing', 17, '2018/2019', 'P'),
(3963, '1511042', 'Influencing', 18, '2018/2019', 'P'),
(3964, '1511043', 'Influencing', 19, '2018/2019', 'P'),
(3965, '1511058', 'Influencing', 20, '2018/2019', 'P'),
(3966, '1511059', 'Influencing', 21, '2018/2019', 'P'),
(3967, '1511074', 'Influencing', 22, '2018/2019', 'P'),
(3968, '1511075', 'Influencing', 23, '2018/2019', 'P'),
(3969, '1512041', 'Influencing', 24, '2018/2019', 'P'),
(3970, '1512042', 'Influencing', 25, '2018/2019', 'P'),
(3971, '1512043', 'Influencing', 26, '2018/2019', 'P'),
(3972, '1512045', 'Influencing', 1, '2018/2019', 'P'),
(3973, '1512062', 'Influencing', 2, '2018/2019', 'P'),
(3974, '1512063', 'Influencing', 3, '2018/2019', 'P'),
(3975, '1512064', 'Influencing', 4, '2018/2019', 'P'),
(3976, '1512079', 'Influencing', 5, '2018/2019', 'P'),
(3977, '1512080', 'Influencing', 6, '2018/2019', 'P'),
(3978, '1512095', 'Influencing', 7, '2018/2019', 'P'),
(3979, '1512096', 'Influencing', 8, '2018/2019', 'P'),
(3980, '1512161', 'Influencing', 9, '2018/2019', 'P'),
(3981, '1511002', 'Steadiness', 10, '2018/2019', 'L'),
(3982, '1511007', 'Steadiness', 11, '2018/2019', 'L'),
(3983, '1511008', 'Steadiness', 12, '2018/2019', 'L'),
(3984, '1511028', 'Steadiness', 13, '2018/2019', 'L'),
(3985, '1511029', 'Steadiness', 14, '2018/2019', 'L'),
(3986, '1511048', 'Steadiness', 15, '2018/2019', 'L'),
(3987, '1511049', 'Steadiness', 16, '2018/2019', 'L'),
(3988, '1511050', 'Steadiness', 17, '2018/2019', 'L'),
(3989, '1511051', 'Steadiness', 18, '2018/2019', 'L'),
(3990, '1511052', 'Steadiness', 19, '2018/2019', 'L'),
(3991, '1511079', 'Steadiness', 20, '2018/2019', 'L'),
(3992, '1511080', 'Steadiness', 21, '2018/2019', 'L'),
(3993, '1511081', 'Steadiness', 22, '2018/2019', 'L'),
(3994, '1511085', 'Steadiness', 23, '2018/2019', 'L'),
(3995, '1511086', 'Steadiness', 24, '2018/2019', 'L'),
(3996, '1511087', 'Steadiness', 25, '2018/2019', 'L'),
(3997, '1511088', 'Steadiness', 26, '2018/2019', 'L'),
(3998, '1511089', 'Steadiness', 1, '2018/2019', 'L'),
(3999, '1511090', 'Steadiness', 2, '2018/2019', 'L'),
(4000, '1511091', 'Steadiness', 3, '2018/2019', 'L'),
(4001, '1512008', 'Steadiness', 4, '2018/2019', 'L'),
(4002, '1512009', 'Steadiness', 5, '2018/2019', 'L'),
(4003, '1512016', 'Steadiness', 6, '2018/2019', 'L'),
(4004, '1512023', 'Steadiness', 7, '2018/2019', 'L'),
(4005, '1512028', 'Steadiness', 8, '2018/2019', 'L'),
(4006, '1512029', 'Steadiness', 9, '2018/2019', 'L'),
(4007, '1512049', 'Steadiness', 10, '2018/2019', 'L'),
(4008, '1512050', 'Steadiness', 11, '2018/2019', 'L'),
(4009, '1512069', 'Steadiness', 12, '2018/2019', 'L'),
(4010, '1512070', 'Steadiness', 13, '2018/2019', 'L'),
(4011, '1512071', 'Steadiness', 14, '2018/2019', 'L'),
(4012, '1512072', 'Steadiness', 15, '2018/2019', 'L'),
(4013, '1512073', 'Steadiness', 16, '2018/2019', 'L'),
(4014, '1512100', 'Steadiness', 17, '2018/2019', 'L'),
(4015, '1512101', 'Steadiness', 18, '2018/2019', 'L'),
(4016, '1512102', 'Steadiness', 19, '2018/2019', 'L'),
(4017, '1512106', 'Steadiness', 20, '2018/2019', 'L'),
(4018, '1512107', 'Steadiness', 21, '2018/2019', 'L'),
(4019, '1512108', 'Steadiness', 22, '2018/2019', 'L'),
(4020, '1512109', 'Steadiness', 23, '2018/2019', 'L'),
(4021, '1512110', 'Steadiness', 24, '2018/2019', 'L'),
(4022, '1512111', 'Steadiness', 25, '2018/2019', 'L'),
(4023, '1512112', 'Steadiness', 26, '2018/2019', 'L'),
(4024, '1512128', 'Steadiness', 1, '2018/2019', 'L'),
(4025, '1512129', 'Steadiness', 2, '2018/2019', 'L'),
(4026, '1512136', 'Steadiness', 3, '2018/2019', 'L'),
(4027, '1512143', 'Steadiness', 4, '2018/2019', 'L'),
(4028, '1512148', 'Steadiness', 5, '2018/2019', 'L'),
(4029, '1512149', 'Steadiness', 6, '2018/2019', 'L'),
(4030, '1511006', 'Steadiness', 7, '2018/2019', 'P'),
(4031, '1511012', 'Steadiness', 8, '2018/2019', 'P'),
(4032, '1511025', 'Steadiness', 9, '2018/2019', 'P'),
(4033, '1511053', 'Steadiness', 10, '2018/2019', 'P'),
(4034, '1511054', 'Steadiness', 11, '2018/2019', 'P'),
(4035, '1512005', 'Steadiness', 12, '2018/2019', 'P'),
(4036, '1512006', 'Steadiness', 13, '2018/2019', 'P'),
(4037, '1512014', 'Steadiness', 14, '2018/2019', 'P'),
(4038, '1512019', 'Steadiness', 15, '2018/2019', 'P'),
(4039, '1512027', 'Steadiness', 16, '2018/2019', 'P'),
(4040, '1512033', 'Steadiness', 17, '2018/2019', 'P'),
(4041, '1512046', 'Steadiness', 18, '2018/2019', 'P'),
(4042, '1512074', 'Steadiness', 19, '2018/2019', 'P'),
(4043, '1512075', 'Steadiness', 20, '2018/2019', 'P'),
(4044, '1512125', 'Steadiness', 21, '2018/2019', 'P'),
(4045, '1512126', 'Steadiness', 22, '2018/2019', 'P'),
(4046, '1512134', 'Steadiness', 23, '2018/2019', 'P'),
(4047, '1512139', 'Steadiness', 24, '2018/2019', 'P'),
(4048, '1512147', 'Steadiness', 25, '2018/2019', 'P'),
(4049, '1512153', 'Steadiness', 26, '2018/2019', 'P');

-- --------------------------------------------------------

--
-- Struktur dari tabel `kel_laki`
--

CREATE TABLE `kel_laki` (
  `id` int(11) NOT NULL,
  `nim` varchar(100) NOT NULL,
  `kategori` varchar(50) NOT NULL,
  `periode` varchar(20) NOT NULL,
  `jk` char(2) NOT NULL
) ENGINE=InnoDB DEFAULT CHARSET=latin1;

--
-- Dumping data untuk tabel `kel_laki`
--

INSERT INTO `kel_laki` (`id`, `nim`, `kategori`, `periode`, `jk`) VALUES
(2859, '1511009', 'Conscientiousness', '2018/2019', 'L'),
(2860, '1511016', 'Conscientiousness', '2018/2019', 'L'),
(2861, '1511027', 'Conscientiousness', '2018/2019', 'L'),
(2862, '1511030', 'Conscientiousness', '2018/2019', 'L'),
(2863, '1511031', 'Conscientiousness', '2018/2019', 'L'),
(2864, '1511034', 'Conscientiousness', '2018/2019', 'L'),
(2865, '1511036', 'Conscientiousness', '2018/2019', 'L'),
(2866, '1511037', 'Conscientiousness', '2018/2019', 'L'),
(2867, '1511046', 'Conscientiousness', '2018/2019', 'L'),
(2868, '1511047', 'Conscientiousness', '2018/2019', 'L'),
(2869, '1511067', 'Conscientiousness', '2018/2019', 'L'),
(2870, '1511071', 'Conscientiousness', '2018/2019', 'L'),
(2871, '1511092', 'Conscientiousness', '2018/2019', 'L'),
(2872, '1511093', 'Conscientiousness', '2018/2019', 'L'),
(2873, '1511094', 'Conscientiousness', '2018/2019', 'L'),
(2874, '1511095', 'Conscientiousness', '2018/2019', 'L'),
(2875, '1511099', 'Conscientiousness', '2018/2019', 'L'),
(2876, '1512001', 'Conscientiousness', '2018/2019', 'L'),
(2877, '1512002', 'Conscientiousness', '2018/2019', 'L'),
(2878, '1512004', 'Conscientiousness', '2018/2019', 'L'),
(2879, '1512010', 'Conscientiousness', '2018/2019', 'L'),
(2880, '1512013', 'Conscientiousness', '2018/2019', 'L'),
(2881, '1512015', 'Conscientiousness', '2018/2019', 'L'),
(2882, '1512017', 'Conscientiousness', '2018/2019', 'L'),
(2883, '1512021', 'Conscientiousness', '2018/2019', 'L'),
(2884, '1512030', 'Conscientiousness', '2018/2019', 'L'),
(2885, '1512037', 'Conscientiousness', '2018/2019', 'L'),
(2886, '1512048', 'Conscientiousness', '2018/2019', 'L'),
(2887, '1512051', 'Conscientiousness', '2018/2019', 'L'),
(2888, '1512052', 'Conscientiousness', '2018/2019', 'L'),
(2889, '1512055', 'Conscientiousness', '2018/2019', 'L'),
(2890, '1512057', 'Conscientiousness', '2018/2019', 'L'),
(2891, '1512058', 'Conscientiousness', '2018/2019', 'L'),
(2892, '1512067', 'Conscientiousness', '2018/2019', 'L'),
(2893, '1512068', 'Conscientiousness', '2018/2019', 'L'),
(2894, '1512088', 'Conscientiousness', '2018/2019', 'L'),
(2895, '1512092', 'Conscientiousness', '2018/2019', 'L'),
(2896, '1512113', 'Conscientiousness', '2018/2019', 'L'),
(2897, '1512114', 'Conscientiousness', '2018/2019', 'L'),
(2898, '1512115', 'Conscientiousness', '2018/2019', 'L'),
(2899, '1512116', 'Conscientiousness', '2018/2019', 'L'),
(2900, '1512120', 'Conscientiousness', '2018/2019', 'L'),
(2901, '1512121', 'Conscientiousness', '2018/2019', 'L'),
(2902, '1512122', 'Conscientiousness', '2018/2019', 'L'),
(2903, '1512124', 'Conscientiousness', '2018/2019', 'L'),
(2904, '1512130', 'Conscientiousness', '2018/2019', 'L'),
(2905, '1512133', 'Conscientiousness', '2018/2019', 'L'),
(2906, '1512135', 'Conscientiousness', '2018/2019', 'L'),
(2907, '1512137', 'Conscientiousness', '2018/2019', 'L'),
(2908, '1512141', 'Conscientiousness', '2018/2019', 'L'),
(2909, '1512150', 'Conscientiousness', '2018/2019', 'L'),
(2910, '1512157', 'Conscientiousness', '2018/2019', 'L'),
(2911, '1511005', 'Conscientiousness', '2018/2019', 'P'),
(2912, '1511013', 'Conscientiousness', '2018/2019', 'P'),
(2913, '1511014', 'Conscientiousness', '2018/2019', 'P'),
(2914, '1511026', 'Conscientiousness', '2018/2019', 'P'),
(2915, '1511032', 'Conscientiousness', '2018/2019', 'P'),
(2916, '1511033', 'Conscientiousness', '2018/2019', 'P'),
(2917, '1511045', 'Conscientiousness', '2018/2019', 'P'),
(2918, '1511055', 'Conscientiousness', '2018/2019', 'P'),
(2919, '1511056', 'Conscientiousness', '2018/2019', 'P'),
(2920, '1511062', 'Conscientiousness', '2018/2019', 'P'),
(2921, '1511063', 'Conscientiousness', '2018/2019', 'P'),
(2922, '1511064', 'Conscientiousness', '2018/2019', 'P'),
(2923, '1511065', 'Conscientiousness', '2018/2019', 'P'),
(2924, '1511066', 'Conscientiousness', '2018/2019', 'P'),
(2925, '1511076', 'Conscientiousness', '2018/2019', 'P'),
(2926, '1511077', 'Conscientiousness', '2018/2019', 'P'),
(2927, '1511078', 'Conscientiousness', '2018/2019', 'P'),
(2928, '1511082', 'Conscientiousness', '2018/2019', 'P'),
(2929, '1511083', 'Conscientiousness', '2018/2019', 'P'),
(2930, '1511084', 'Conscientiousness', '2018/2019', 'P'),
(2931, '1511096', 'Conscientiousness', '2018/2019', 'P'),
(2932, '1511097', 'Conscientiousness', '2018/2019', 'P'),
(2933, '1511098', 'Conscientiousness', '2018/2019', 'P'),
(2934, '1512003', 'Conscientiousness', '2018/2019', 'P'),
(2935, '1512007', 'Conscientiousness', '2018/2019', 'P'),
(2936, '1512011', 'Conscientiousness', '2018/2019', 'P'),
(2937, '1512012', 'Conscientiousness', '2018/2019', 'P'),
(2938, '1512018', 'Conscientiousness', '2018/2019', 'P'),
(2939, '1512020', 'Conscientiousness', '2018/2019', 'P'),
(2940, '1512026', 'Conscientiousness', '2018/2019', 'P'),
(2941, '1512034', 'Conscientiousness', '2018/2019', 'P'),
(2942, '1512035', 'Conscientiousness', '2018/2019', 'P'),
(2943, '1512047', 'Conscientiousness', '2018/2019', 'P'),
(2944, '1512053', 'Conscientiousness', '2018/2019', 'P'),
(2945, '1512054', 'Conscientiousness', '2018/2019', 'P'),
(2946, '1512066', 'Conscientiousness', '2018/2019', 'P'),
(2947, '1512076', 'Conscientiousness', '2018/2019', 'P'),
(2948, '1512077', 'Conscientiousness', '2018/2019', 'P'),
(2949, '1512083', 'Conscientiousness', '2018/2019', 'P'),
(2950, '1512084', 'Conscientiousness', '2018/2019', 'P'),
(2951, '1512085', 'Conscientiousness', '2018/2019', 'P'),
(2952, '1512086', 'Conscientiousness', '2018/2019', 'P'),
(2953, '1512087', 'Conscientiousness', '2018/2019', 'P'),
(2954, '1512097', 'Conscientiousness', '2018/2019', 'P'),
(2955, '1512098', 'Conscientiousness', '2018/2019', 'P'),
(2956, '1512099', 'Conscientiousness', '2018/2019', 'P'),
(2957, '1512103', 'Conscientiousness', '2018/2019', 'P'),
(2958, '1512104', 'Conscientiousness', '2018/2019', 'P'),
(2959, '1512105', 'Conscientiousness', '2018/2019', 'P'),
(2960, '1512117', 'Conscientiousness', '2018/2019', 'P'),
(2961, '1512118', 'Conscientiousness', '2018/2019', 'P'),
(2962, '1512119', 'Conscientiousness', '2018/2019', 'P'),
(2963, '1512123', 'Conscientiousness', '2018/2019', 'P'),
(2964, '1512127', 'Conscientiousness', '2018/2019', 'P'),
(2965, '1512131', 'Conscientiousness', '2018/2019', 'P'),
(2966, '1512132', 'Conscientiousness', '2018/2019', 'P'),
(2967, '1512138', 'Conscientiousness', '2018/2019', 'P'),
(2968, '1512140', 'Conscientiousness', '2018/2019', 'P'),
(2969, '1512146', 'Conscientiousness', '2018/2019', 'P'),
(2970, '1512154', 'Conscientiousness', '2018/2019', 'P'),
(2971, '1512155', 'Conscientiousness', '2018/2019', 'P'),
(2972, '1511001', 'Dominant', '2018/2019', 'L'),
(2973, '1511003', 'Dominant', '2018/2019', 'L'),
(2974, '1511035', 'Dominant', '2018/2019', 'L'),
(2975, '1512022', 'Dominant', '2018/2019', 'L'),
(2976, '1512024', 'Dominant', '2018/2019', 'L'),
(2977, '1512056', 'Dominant', '2018/2019', 'L'),
(2978, '1512142', 'Dominant', '2018/2019', 'L'),
(2979, '1512144', 'Dominant', '2018/2019', 'L'),
(2980, '1511015', 'Dominant', '2018/2019', 'P'),
(2981, '1511060', 'Dominant', '2018/2019', 'P'),
(2982, '1511061', 'Dominant', '2018/2019', 'P'),
(2983, '1512036', 'Dominant', '2018/2019', 'P'),
(2984, '1512081', 'Dominant', '2018/2019', 'P'),
(2985, '1512082', 'Dominant', '2018/2019', 'P'),
(2986, '1512156', 'Dominant', '2018/2019', 'P'),
(2987, '1511004', 'Influencing', '2018/2019', 'L'),
(2988, '1511010', 'Influencing', '2018/2019', 'L'),
(2989, '1511011', 'Influencing', '2018/2019', 'L'),
(2990, '1511017', 'Influencing', '2018/2019', 'L'),
(2991, '1511018', 'Influencing', '2018/2019', 'L'),
(2992, '1511019', 'Influencing', '2018/2019', 'L'),
(2993, '1511023', 'Influencing', '2018/2019', 'L'),
(2994, '1511038', 'Influencing', '2018/2019', 'L'),
(2995, '1511039', 'Influencing', '2018/2019', 'L'),
(2996, '1511040', 'Influencing', '2018/2019', 'L'),
(2997, '1511044', 'Influencing', '2018/2019', 'L'),
(2998, '1511057', 'Influencing', '2018/2019', 'L'),
(2999, '1511068', 'Influencing', '2018/2019', 'L'),
(3000, '1511069', 'Influencing', '2018/2019', 'L'),
(3001, '1511070', 'Influencing', '2018/2019', 'L'),
(3002, '1511072', 'Influencing', '2018/2019', 'L'),
(3003, '1511073', 'Influencing', '2018/2019', 'L'),
(3004, '1512025', 'Influencing', '2018/2019', 'L'),
(3005, '1512031', 'Influencing', '2018/2019', 'L'),
(3006, '1512032', 'Influencing', '2018/2019', 'L'),
(3007, '1512038', 'Influencing', '2018/2019', 'L'),
(3008, '1512039', 'Influencing', '2018/2019', 'L'),
(3009, '1512040', 'Influencing', '2018/2019', 'L'),
(3010, '1512044', 'Influencing', '2018/2019', 'L'),
(3011, '1512059', 'Influencing', '2018/2019', 'L'),
(3012, '1512060', 'Influencing', '2018/2019', 'L'),
(3013, '1512061', 'Influencing', '2018/2019', 'L'),
(3014, '1512065', 'Influencing', '2018/2019', 'L'),
(3015, '1512078', 'Influencing', '2018/2019', 'L'),
(3016, '1512089', 'Influencing', '2018/2019', 'L'),
(3017, '1512090', 'Influencing', '2018/2019', 'L'),
(3018, '1512091', 'Influencing', '2018/2019', 'L'),
(3019, '1512093', 'Influencing', '2018/2019', 'L'),
(3020, '1512094', 'Influencing', '2018/2019', 'L'),
(3021, '1512145', 'Influencing', '2018/2019', 'L'),
(3022, '1512151', 'Influencing', '2018/2019', 'L'),
(3023, '1512152', 'Influencing', '2018/2019', 'L'),
(3024, '1512158', 'Influencing', '2018/2019', 'L'),
(3025, '1512159', 'Influencing', '2018/2019', 'L'),
(3026, '1512160', 'Influencing', '2018/2019', 'L'),
(3027, '1511020', 'Influencing', '2018/2019', 'P'),
(3028, '1511021', 'Influencing', '2018/2019', 'P'),
(3029, '1511022', 'Influencing', '2018/2019', 'P'),
(3030, '1511024', 'Influencing', '2018/2019', 'P'),
(3031, '1511041', 'Influencing', '2018/2019', 'P'),
(3032, '1511042', 'Influencing', '2018/2019', 'P'),
(3033, '1511043', 'Influencing', '2018/2019', 'P'),
(3034, '1511058', 'Influencing', '2018/2019', 'P'),
(3035, '1511059', 'Influencing', '2018/2019', 'P'),
(3036, '1511074', 'Influencing', '2018/2019', 'P'),
(3037, '1511075', 'Influencing', '2018/2019', 'P'),
(3038, '1512041', 'Influencing', '2018/2019', 'P'),
(3039, '1512042', 'Influencing', '2018/2019', 'P'),
(3040, '1512043', 'Influencing', '2018/2019', 'P'),
(3041, '1512045', 'Influencing', '2018/2019', 'P'),
(3042, '1512062', 'Influencing', '2018/2019', 'P'),
(3043, '1512063', 'Influencing', '2018/2019', 'P'),
(3044, '1512064', 'Influencing', '2018/2019', 'P'),
(3045, '1512079', 'Influencing', '2018/2019', 'P'),
(3046, '1512080', 'Influencing', '2018/2019', 'P'),
(3047, '1512095', 'Influencing', '2018/2019', 'P'),
(3048, '1512096', 'Influencing', '2018/2019', 'P'),
(3049, '1512161', 'Influencing', '2018/2019', 'P'),
(3050, '1511002', 'Steadiness', '2018/2019', 'L'),
(3051, '1511007', 'Steadiness', '2018/2019', 'L'),
(3052, '1511008', 'Steadiness', '2018/2019', 'L'),
(3053, '1511028', 'Steadiness', '2018/2019', 'L'),
(3054, '1511029', 'Steadiness', '2018/2019', 'L'),
(3055, '1511048', 'Steadiness', '2018/2019', 'L'),
(3056, '1511049', 'Steadiness', '2018/2019', 'L'),
(3057, '1511050', 'Steadiness', '2018/2019', 'L'),
(3058, '1511051', 'Steadiness', '2018/2019', 'L'),
(3059, '1511052', 'Steadiness', '2018/2019', 'L'),
(3060, '1511079', 'Steadiness', '2018/2019', 'L'),
(3061, '1511080', 'Steadiness', '2018/2019', 'L'),
(3062, '1511081', 'Steadiness', '2018/2019', 'L'),
(3063, '1511085', 'Steadiness', '2018/2019', 'L'),
(3064, '1511086', 'Steadiness', '2018/2019', 'L'),
(3065, '1511087', 'Steadiness', '2018/2019', 'L'),
(3066, '1511088', 'Steadiness', '2018/2019', 'L'),
(3067, '1511089', 'Steadiness', '2018/2019', 'L'),
(3068, '1511090', 'Steadiness', '2018/2019', 'L'),
(3069, '1511091', 'Steadiness', '2018/2019', 'L'),
(3070, '1512008', 'Steadiness', '2018/2019', 'L'),
(3071, '1512009', 'Steadiness', '2018/2019', 'L'),
(3072, '1512016', 'Steadiness', '2018/2019', 'L'),
(3073, '1512023', 'Steadiness', '2018/2019', 'L'),
(3074, '1512028', 'Steadiness', '2018/2019', 'L'),
(3075, '1512029', 'Steadiness', '2018/2019', 'L'),
(3076, '1512049', 'Steadiness', '2018/2019', 'L'),
(3077, '1512050', 'Steadiness', '2018/2019', 'L'),
(3078, '1512069', 'Steadiness', '2018/2019', 'L'),
(3079, '1512070', 'Steadiness', '2018/2019', 'L'),
(3080, '1512071', 'Steadiness', '2018/2019', 'L'),
(3081, '1512072', 'Steadiness', '2018/2019', 'L'),
(3082, '1512073', 'Steadiness', '2018/2019', 'L'),
(3083, '1512100', 'Steadiness', '2018/2019', 'L'),
(3084, '1512101', 'Steadiness', '2018/2019', 'L'),
(3085, '1512102', 'Steadiness', '2018/2019', 'L'),
(3086, '1512106', 'Steadiness', '2018/2019', 'L'),
(3087, '1512107', 'Steadiness', '2018/2019', 'L'),
(3088, '1512108', 'Steadiness', '2018/2019', 'L'),
(3089, '1512109', 'Steadiness', '2018/2019', 'L'),
(3090, '1512110', 'Steadiness', '2018/2019', 'L'),
(3091, '1512111', 'Steadiness', '2018/2019', 'L'),
(3092, '1512112', 'Steadiness', '2018/2019', 'L'),
(3093, '1512128', 'Steadiness', '2018/2019', 'L'),
(3094, '1512129', 'Steadiness', '2018/2019', 'L'),
(3095, '1512136', 'Steadiness', '2018/2019', 'L'),
(3096, '1512143', 'Steadiness', '2018/2019', 'L'),
(3097, '1512148', 'Steadiness', '2018/2019', 'L'),
(3098, '1512149', 'Steadiness', '2018/2019', 'L'),
(3099, '1511006', 'Steadiness', '2018/2019', 'P'),
(3100, '1511012', 'Steadiness', '2018/2019', 'P'),
(3101, '1511025', 'Steadiness', '2018/2019', 'P'),
(3102, '1511053', 'Steadiness', '2018/2019', 'P'),
(3103, '1511054', 'Steadiness', '2018/2019', 'P'),
(3104, '1512005', 'Steadiness', '2018/2019', 'P'),
(3105, '1512006', 'Steadiness', '2018/2019', 'P'),
(3106, '1512014', 'Steadiness', '2018/2019', 'P'),
(3107, '1512019', 'Steadiness', '2018/2019', 'P'),
(3108, '1512027', 'Steadiness', '2018/2019', 'P'),
(3109, '1512033', 'Steadiness', '2018/2019', 'P'),
(3110, '1512046', 'Steadiness', '2018/2019', 'P'),
(3111, '1512074', 'Steadiness', '2018/2019', 'P'),
(3112, '1512075', 'Steadiness', '2018/2019', 'P'),
(3113, '1512125', 'Steadiness', '2018/2019', 'P'),
(3114, '1512126', 'Steadiness', '2018/2019', 'P'),
(3115, '1512134', 'Steadiness', '2018/2019', 'P'),
(3116, '1512139', 'Steadiness', '2018/2019', 'P'),
(3117, '1512147', 'Steadiness', '2018/2019', 'P'),
(3118, '1512153', 'Steadiness', '2018/2019', 'P');

-- --------------------------------------------------------

--
-- Struktur dari tabel `kel_perempuan`
--

CREATE TABLE `kel_perempuan` (
  `id` int(11) NOT NULL,
  `nim` varchar(100) NOT NULL,
  `kategori` varchar(50) NOT NULL,
  `periode` varchar(20) NOT NULL
) ENGINE=InnoDB DEFAULT CHARSET=latin1;

-- --------------------------------------------------------

--
-- Struktur dari tabel `nilai`
--

CREATE TABLE `nilai` (
  `id_nilai` int(10) NOT NULL,
  `nim` varchar(20) NOT NULL,
  `id_ujian` int(5) NOT NULL,
  `acak_soal` text NOT NULL,
  `jawaban` text NOT NULL,
  `sisa_waktu` varchar(10) NOT NULL,
  `kategori` varchar(100) NOT NULL,
  `nilaiD` int(100) NOT NULL,
  `nilaiI` int(11) NOT NULL,
  `nilaiS` int(11) NOT NULL,
  `nilaiC` int(11) NOT NULL,
  `periode` varchar(20) NOT NULL
) ENGINE=MyISAM DEFAULT CHARSET=latin1;

--
-- Dumping data untuk tabel `nilai`
--

INSERT INTO `nilai` (`id_nilai`, `nim`, `id_ujian`, `acak_soal`, `jawaban`, `sisa_waktu`, `kategori`, `nilaiD`, `nilaiI`, `nilaiS`, `nilaiC`, `periode`) VALUES
(604, '1511001', 0, '', '', '', 'Dominant', 9, 7, 6, 5, '2018/2019'),
(605, '1511002', 0, '', '', '', 'Steadiness', 6, 5, 7, 6, '2018/2019'),
(606, '1511003', 0, '', '', '', 'Dominant', 9, 7, 6, 5, '2018/2019'),
(607, '1511004', 0, '', '', '', 'Influencing', 6, 5, 7, 6, '2018/2019'),
(608, '1511005', 0, '', '', '', 'Conscientiousness', 9, 7, 6, 5, '2018/2019'),
(609, '1511006', 0, '', '', '', 'Steadiness', 6, 5, 7, 6, '2018/2019'),
(610, '1511007', 0, '', '', '', 'Steadiness', 9, 7, 6, 5, '2018/2019'),
(611, '1511008', 0, '', '', '', 'Steadiness', 6, 5, 7, 6, '2018/2019'),
(612, '1511009', 0, '', '', '', 'Conscientiousness', 9, 7, 6, 5, '2018/2019'),
(613, '1511010', 0, '', '', '', 'Influencing', 6, 5, 7, 6, '2018/2019'),
(614, '1511011', 0, '', '', '', 'Influencing', 9, 7, 6, 5, '2018/2019'),
(615, '1511012', 0, '', '', '', 'Steadiness', 6, 5, 7, 6, '2018/2019'),
(616, '1511013', 0, '', '', '', 'Conscientiousness', 9, 7, 6, 5, '2018/2019'),
(617, '1511014', 0, '', '', '', 'Conscientiousness', 6, 5, 7, 6, '2018/2019'),
(618, '1511015', 0, '', '', '', 'Dominant', 9, 7, 6, 5, '2018/2019'),
(619, '1511016', 0, '', '', '', 'Conscientiousness', 6, 5, 7, 6, '2018/2019'),
(620, '1511017', 0, '', '', '', 'Influencing', 9, 7, 6, 5, '2018/2019'),
(621, '1511018', 0, '', '', '', 'Influencing', 6, 5, 7, 6, '2018/2019'),
(622, '1511019', 0, '', '', '', 'Influencing', 9, 7, 6, 5, '2018/2019'),
(623, '1511020', 0, '', '', '', 'Influencing', 6, 5, 7, 6, '2018/2019'),
(624, '1511021', 0, '', '', '', 'Influencing', 9, 7, 6, 5, '2018/2019'),
(625, '1511022', 0, '', '', '', 'Influencing', 6, 5, 7, 6, '2018/2019'),
(626, '1511023', 0, '', '', '', 'Influencing', 9, 7, 6, 5, '2018/2019'),
(627, '1511024', 0, '', '', '', 'Influencing', 6, 5, 7, 6, '2018/2019'),
(628, '1511025', 0, '', '', '', 'Steadiness', 9, 7, 6, 5, '2018/2019'),
(629, '1511026', 0, '', '', '', 'Conscientiousness', 6, 5, 7, 6, '2018/2019'),
(630, '1511027', 0, '', '', '', 'Conscientiousness', 9, 7, 6, 5, '2018/2019'),
(631, '1511028', 0, '', '', '', 'Steadiness', 6, 5, 7, 6, '2018/2019'),
(632, '1511029', 0, '', '', '', 'Steadiness', 9, 7, 6, 5, '2018/2019'),
(633, '1511030', 0, '', '', '', 'Conscientiousness', 6, 5, 7, 6, '2018/2019'),
(634, '1511031', 0, '', '', '', 'Conscientiousness', 9, 7, 6, 5, '2018/2019'),
(635, '1511032', 0, '', '', '', 'Conscientiousness', 6, 5, 7, 6, '2018/2019'),
(636, '1511033', 0, '', '', '', 'Conscientiousness', 9, 7, 6, 5, '2018/2019'),
(637, '1511034', 0, '', '', '', 'Conscientiousness', 6, 5, 7, 6, '2018/2019'),
(638, '1511035', 0, '', '', '', 'Dominant', 9, 7, 6, 5, '2018/2019'),
(639, '1511036', 0, '', '', '', 'Conscientiousness', 6, 5, 7, 6, '2018/2019'),
(640, '1511037', 0, '', '', '', 'Conscientiousness', 9, 7, 6, 5, '2018/2019'),
(641, '1511038', 0, '', '', '', 'Influencing', 6, 5, 7, 6, '2018/2019'),
(642, '1511039', 0, '', '', '', 'Influencing', 9, 7, 6, 5, '2018/2019'),
(643, '1511040', 0, '', '', '', 'Influencing', 6, 5, 7, 6, '2018/2019'),
(644, '1511041', 0, '', '', '', 'Influencing', 9, 7, 6, 5, '2018/2019'),
(645, '1511042', 0, '', '', '', 'Influencing', 6, 5, 7, 6, '2018/2019'),
(646, '1511043', 0, '', '', '', 'Influencing', 9, 7, 6, 5, '2018/2019'),
(647, '1511044', 0, '', '', '', 'Influencing', 6, 5, 7, 6, '2018/2019'),
(648, '1511045', 0, '', '', '', 'Conscientiousness', 9, 7, 6, 5, '2018/2019'),
(649, '1511046', 0, '', '', '', 'Conscientiousness', 6, 5, 7, 6, '2018/2019'),
(650, '1511047', 0, '', '', '', 'Conscientiousness', 9, 7, 6, 5, '2018/2019'),
(651, '1511048', 0, '', '', '', 'Steadiness', 6, 5, 7, 6, '2018/2019'),
(652, '1511049', 0, '', '', '', 'Steadiness', 9, 7, 6, 5, '2018/2019'),
(653, '1511050', 0, '', '', '', 'Steadiness', 6, 5, 7, 6, '2018/2019'),
(654, '1511051', 0, '', '', '', 'Steadiness', 9, 7, 6, 5, '2018/2019'),
(655, '1511052', 0, '', '', '', 'Steadiness', 6, 5, 7, 6, '2018/2019'),
(656, '1511053', 0, '', '', '', 'Steadiness', 9, 7, 6, 5, '2018/2019'),
(657, '1511054', 0, '', '', '', 'Steadiness', 6, 5, 7, 6, '2018/2019'),
(658, '1511055', 0, '', '', '', 'Conscientiousness', 9, 7, 6, 5, '2018/2019'),
(659, '1511056', 0, '', '', '', 'Conscientiousness', 6, 5, 7, 6, '2018/2019'),
(660, '1511057', 0, '', '', '', 'Influencing', 9, 7, 6, 5, '2018/2019'),
(661, '1511058', 0, '', '', '', 'Influencing', 6, 5, 7, 6, '2018/2019'),
(662, '1511059', 0, '', '', '', 'Influencing', 9, 7, 6, 5, '2018/2019'),
(663, '1511060', 0, '', '', '', 'Dominant', 6, 5, 7, 6, '2018/2019'),
(664, '1511061', 0, '', '', '', 'Dominant', 9, 7, 6, 5, '2018/2019'),
(665, '1511062', 0, '', '', '', 'Conscientiousness', 6, 5, 7, 6, '2018/2019'),
(666, '1511063', 0, '', '', '', 'Conscientiousness', 9, 7, 6, 5, '2018/2019'),
(667, '1511064', 0, '', '', '', 'Conscientiousness', 6, 5, 7, 6, '2018/2019'),
(668, '1511065', 0, '', '', '', 'Conscientiousness', 9, 7, 6, 5, '2018/2019'),
(669, '1511066', 0, '', '', '', 'Conscientiousness', 6, 5, 7, 6, '2018/2019'),
(670, '1511067', 0, '', '', '', 'Conscientiousness', 9, 7, 6, 5, '2018/2019'),
(671, '1511068', 0, '', '', '', 'Influencing', 6, 5, 7, 6, '2018/2019'),
(672, '1511069', 0, '', '', '', 'Influencing', 9, 7, 6, 5, '2018/2019'),
(673, '1511070', 0, '', '', '', 'Influencing', 6, 5, 7, 6, '2018/2019'),
(674, '1511071', 0, '', '', '', 'Conscientiousness', 9, 7, 6, 5, '2018/2019'),
(675, '1511072', 0, '', '', '', 'Influencing', 6, 5, 7, 6, '2018/2019'),
(676, '1511073', 0, '', '', '', 'Influencing', 9, 7, 6, 5, '2018/2019'),
(677, '1511074', 0, '', '', '', 'Influencing', 6, 5, 7, 6, '2018/2019'),
(678, '1511075', 0, '', '', '', 'Influencing', 9, 7, 6, 5, '2018/2019'),
(679, '1511076', 0, '', '', '', 'Conscientiousness', 6, 5, 7, 6, '2018/2019'),
(680, '1511077', 0, '', '', '', 'Conscientiousness', 9, 7, 6, 5, '2018/2019'),
(681, '1511078', 0, '', '', '', 'Conscientiousness', 6, 5, 7, 6, '2018/2019'),
(682, '1511079', 0, '', '', '', 'Steadiness', 9, 7, 6, 5, '2018/2019'),
(683, '1511080', 0, '', '', '', 'Steadiness', 6, 5, 7, 6, '2018/2019'),
(684, '1511081', 0, '', '', '', 'Steadiness', 9, 7, 6, 5, '2018/2019'),
(685, '1511082', 0, '', '', '', 'Conscientiousness', 6, 5, 7, 6, '2018/2019'),
(686, '1511083', 0, '', '', '', 'Conscientiousness', 9, 7, 6, 5, '2018/2019'),
(687, '1511084', 0, '', '', '', 'Conscientiousness', 6, 5, 7, 6, '2018/2019'),
(688, '1511085', 0, '', '', '', 'Steadiness', 9, 7, 6, 5, '2018/2019'),
(689, '1511086', 0, '', '', '', 'Steadiness', 6, 5, 7, 6, '2018/2019'),
(690, '1511087', 0, '', '', '', 'Steadiness', 9, 7, 6, 5, '2018/2019'),
(691, '1511088', 0, '', '', '', 'Steadiness', 6, 5, 7, 6, '2018/2019'),
(692, '1511089', 0, '', '', '', 'Steadiness', 9, 7, 6, 5, '2018/2019'),
(693, '1511090', 0, '', '', '', 'Steadiness', 6, 5, 7, 6, '2018/2019'),
(694, '1511091', 0, '', '', '', 'Steadiness', 9, 7, 6, 5, '2018/2019'),
(695, '1511092', 0, '', '', '', 'Conscientiousness', 6, 5, 7, 6, '2018/2019'),
(696, '1511093', 0, '', '', '', 'Conscientiousness', 9, 7, 6, 5, '2018/2019'),
(697, '1511094', 0, '', '', '', 'Conscientiousness', 6, 5, 7, 6, '2018/2019'),
(698, '1511095', 0, '', '', '', 'Conscientiousness', 9, 7, 6, 5, '2018/2019'),
(699, '1511096', 0, '', '', '', 'Conscientiousness', 6, 5, 7, 6, '2018/2019'),
(700, '1511097', 0, '', '', '', 'Conscientiousness', 9, 7, 6, 5, '2018/2019'),
(701, '1511098', 0, '', '', '', 'Conscientiousness', 6, 5, 7, 6, '2018/2019'),
(702, '1511099', 0, '', '', '', 'Conscientiousness', 9, 7, 6, 5, '2018/2019'),
(703, '1512001', 0, '', '', '', 'Conscientiousness', 6, 5, 7, 6, '2018/2019'),
(704, '1512002', 0, '', '', '', 'Conscientiousness', 9, 7, 6, 5, '2018/2019'),
(705, '1512003', 0, '', '', '', 'Conscientiousness', 6, 5, 7, 6, '2018/2019'),
(706, '1512004', 0, '', '', '', 'Conscientiousness', 9, 7, 6, 5, '2018/2019'),
(707, '1512005', 0, '', '', '', 'Steadiness', 6, 5, 7, 6, '2018/2019'),
(708, '1512006', 0, '', '', '', 'Steadiness', 9, 7, 6, 5, '2018/2019'),
(709, '1512007', 0, '', '', '', 'Conscientiousness', 6, 5, 7, 6, '2018/2019'),
(710, '1512008', 0, '', '', '', 'Steadiness', 9, 7, 6, 5, '2018/2019'),
(711, '1512009', 0, '', '', '', 'Steadiness', 6, 5, 7, 6, '2018/2019'),
(712, '1512010', 0, '', '', '', 'Conscientiousness', 9, 7, 6, 5, '2018/2019'),
(713, '1512011', 0, '', '', '', 'Conscientiousness', 6, 5, 7, 6, '2018/2019'),
(714, '1512012', 0, '', '', '', 'Conscientiousness', 9, 7, 6, 5, '2018/2019'),
(715, '1512013', 0, '', '', '', 'Conscientiousness', 6, 5, 7, 6, '2018/2019'),
(716, '1512014', 0, '', '', '', 'Steadiness', 9, 7, 6, 5, '2018/2019'),
(717, '1512015', 0, '', '', '', 'Conscientiousness', 6, 5, 7, 6, '2018/2019'),
(718, '1512016', 0, '', '', '', 'Steadiness', 9, 7, 6, 5, '2018/2019'),
(719, '1512017', 0, '', '', '', 'Conscientiousness', 6, 5, 7, 6, '2018/2019'),
(720, '1512018', 0, '', '', '', 'Conscientiousness', 9, 7, 6, 5, '2018/2019'),
(721, '1512019', 0, '', '', '', 'Steadiness', 6, 5, 7, 6, '2018/2019'),
(722, '1512020', 0, '', '', '', 'Conscientiousness', 9, 7, 6, 5, '2018/2019'),
(723, '1512021', 0, '', '', '', 'Conscientiousness', 6, 5, 7, 6, '2018/2019'),
(724, '1512022', 0, '', '', '', 'Dominant', 9, 7, 6, 5, '2018/2019'),
(725, '1512023', 0, '', '', '', 'Steadiness', 6, 5, 7, 6, '2018/2019'),
(726, '1512024', 0, '', '', '', 'Dominant', 9, 7, 6, 5, '2018/2019'),
(727, '1512025', 0, '', '', '', 'Influencing', 6, 5, 7, 6, '2018/2019'),
(728, '1512026', 0, '', '', '', 'Conscientiousness', 9, 7, 6, 5, '2018/2019'),
(729, '1512027', 0, '', '', '', 'Steadiness', 6, 5, 7, 6, '2018/2019'),
(730, '1512028', 0, '', '', '', 'Steadiness', 9, 7, 6, 5, '2018/2019'),
(731, '1512029', 0, '', '', '', 'Steadiness', 6, 5, 7, 6, '2018/2019'),
(732, '1512030', 0, '', '', '', 'Conscientiousness', 9, 7, 6, 5, '2018/2019'),
(733, '1512031', 0, '', '', '', 'Influencing', 6, 5, 7, 6, '2018/2019'),
(734, '1512032', 0, '', '', '', 'Influencing', 9, 7, 6, 5, '2018/2019'),
(735, '1512033', 0, '', '', '', 'Steadiness', 6, 5, 7, 6, '2018/2019'),
(736, '1512034', 0, '', '', '', 'Conscientiousness', 9, 7, 6, 5, '2018/2019'),
(737, '1512035', 0, '', '', '', 'Conscientiousness', 6, 5, 7, 6, '2018/2019'),
(738, '1512036', 0, '', '', '', 'Dominant', 9, 7, 6, 5, '2018/2019'),
(739, '1512037', 0, '', '', '', 'Conscientiousness', 6, 5, 7, 6, '2018/2019'),
(740, '1512038', 0, '', '', '', 'Influencing', 9, 7, 6, 5, '2018/2019'),
(741, '1512039', 0, '', '', '', 'Influencing', 6, 5, 7, 6, '2018/2019'),
(742, '1512040', 0, '', '', '', 'Influencing', 9, 7, 6, 5, '2018/2019'),
(743, '1512041', 0, '', '', '', 'Influencing', 6, 5, 7, 6, '2018/2019'),
(744, '1512042', 0, '', '', '', 'Influencing', 9, 7, 6, 5, '2018/2019'),
(745, '1512043', 0, '', '', '', 'Influencing', 6, 5, 7, 6, '2018/2019'),
(746, '1512044', 0, '', '', '', 'Influencing', 9, 7, 6, 5, '2018/2019'),
(747, '1512045', 0, '', '', '', 'Influencing', 6, 5, 7, 6, '2018/2019'),
(748, '1512046', 0, '', '', '', 'Steadiness', 9, 7, 6, 5, '2018/2019'),
(749, '1512047', 0, '', '', '', 'Conscientiousness', 6, 5, 7, 6, '2018/2019'),
(750, '1512048', 0, '', '', '', 'Conscientiousness', 9, 7, 6, 5, '2018/2019'),
(751, '1512049', 0, '', '', '', 'Steadiness', 6, 5, 7, 6, '2018/2019'),
(752, '1512050', 0, '', '', '', 'Steadiness', 9, 7, 6, 5, '2018/2019'),
(753, '1512051', 0, '', '', '', 'Conscientiousness', 6, 5, 7, 6, '2018/2019'),
(754, '1512052', 0, '', '', '', 'Conscientiousness', 9, 7, 6, 5, '2018/2019'),
(755, '1512053', 0, '', '', '', 'Conscientiousness', 6, 5, 7, 6, '2018/2019'),
(756, '1512054', 0, '', '', '', 'Conscientiousness', 9, 7, 6, 5, '2018/2019'),
(757, '1512055', 0, '', '', '', 'Conscientiousness', 6, 5, 7, 6, '2018/2019'),
(758, '1512056', 0, '', '', '', 'Dominant', 9, 7, 6, 5, '2018/2019'),
(759, '1512057', 0, '', '', '', 'Conscientiousness', 6, 5, 7, 6, '2018/2019'),
(760, '1512058', 0, '', '', '', 'Conscientiousness', 9, 7, 6, 5, '2018/2019'),
(761, '1512059', 0, '', '', '', 'Influencing', 6, 5, 7, 6, '2018/2019'),
(762, '1512060', 0, '', '', '', 'Influencing', 9, 7, 6, 5, '2018/2019'),
(763, '1512061', 0, '', '', '', 'Influencing', 6, 5, 7, 6, '2018/2019'),
(764, '1512062', 0, '', '', '', 'Influencing', 9, 7, 6, 5, '2018/2019'),
(765, '1512063', 0, '', '', '', 'Influencing', 6, 5, 7, 6, '2018/2019'),
(766, '1512064', 0, '', '', '', 'Influencing', 9, 7, 6, 5, '2018/2019'),
(767, '1512065', 0, '', '', '', 'Influencing', 6, 5, 7, 6, '2018/2019'),
(768, '1512066', 0, '', '', '', 'Conscientiousness', 9, 7, 6, 5, '2018/2019'),
(769, '1512067', 0, '', '', '', 'Conscientiousness', 6, 5, 7, 6, '2018/2019'),
(770, '1512068', 0, '', '', '', 'Conscientiousness', 9, 7, 6, 5, '2018/2019'),
(771, '1512069', 0, '', '', '', 'Steadiness', 6, 5, 7, 6, '2018/2019'),
(772, '1512070', 0, '', '', '', 'Steadiness', 9, 7, 6, 5, '2018/2019'),
(773, '1512071', 0, '', '', '', 'Steadiness', 6, 5, 7, 6, '2018/2019'),
(774, '1512072', 0, '', '', '', 'Steadiness', 9, 7, 6, 5, '2018/2019'),
(775, '1512073', 0, '', '', '', 'Steadiness', 6, 5, 7, 6, '2018/2019'),
(776, '1512074', 0, '', '', '', 'Steadiness', 9, 7, 6, 5, '2018/2019'),
(777, '1512075', 0, '', '', '', 'Steadiness', 6, 5, 7, 6, '2018/2019'),
(778, '1512076', 0, '', '', '', 'Conscientiousness', 9, 7, 6, 5, '2018/2019'),
(779, '1512077', 0, '', '', '', 'Conscientiousness', 6, 5, 7, 6, '2018/2019'),
(780, '1512078', 0, '', '', '', 'Influencing', 9, 7, 6, 5, '2018/2019'),
(781, '1512079', 0, '', '', '', 'Influencing', 6, 5, 7, 6, '2018/2019'),
(782, '1512080', 0, '', '', '', 'Influencing', 9, 7, 6, 5, '2018/2019'),
(783, '1512081', 0, '', '', '', 'Dominant', 6, 5, 7, 6, '2018/2019'),
(784, '1512082', 0, '', '', '', 'Dominant', 9, 7, 6, 5, '2018/2019'),
(785, '1512083', 0, '', '', '', 'Conscientiousness', 6, 5, 7, 6, '2018/2019'),
(786, '1512084', 0, '', '', '', 'Conscientiousness', 9, 7, 6, 5, '2018/2019'),
(787, '1512085', 0, '', '', '', 'Conscientiousness', 6, 5, 7, 6, '2018/2019'),
(788, '1512086', 0, '', '', '', 'Conscientiousness', 9, 7, 6, 5, '2018/2019'),
(789, '1512087', 0, '', '', '', 'Conscientiousness', 6, 5, 7, 6, '2018/2019'),
(790, '1512088', 0, '', '', '', 'Conscientiousness', 9, 7, 6, 5, '2018/2019'),
(791, '1512089', 0, '', '', '', 'Influencing', 6, 5, 7, 6, '2018/2019'),
(792, '1512090', 0, '', '', '', 'Influencing', 9, 7, 6, 5, '2018/2019'),
(793, '1512091', 0, '', '', '', 'Influencing', 6, 5, 7, 6, '2018/2019'),
(794, '1512092', 0, '', '', '', 'Conscientiousness', 9, 7, 6, 5, '2018/2019'),
(795, '1512093', 0, '', '', '', 'Influencing', 6, 5, 7, 6, '2018/2019'),
(796, '1512094', 0, '', '', '', 'Influencing', 9, 7, 6, 5, '2018/2019'),
(797, '1512095', 0, '', '', '', 'Influencing', 6, 5, 7, 6, '2018/2019'),
(798, '1512096', 0, '', '', '', 'Influencing', 9, 7, 6, 5, '2018/2019'),
(799, '1512097', 0, '', '', '', 'Conscientiousness', 6, 5, 7, 6, '2018/2019'),
(800, '1512098', 0, '', '', '', 'Conscientiousness', 9, 7, 6, 5, '2018/2019'),
(801, '1512099', 0, '', '', '', 'Conscientiousness', 6, 5, 7, 6, '2018/2019'),
(802, '1512100', 0, '', '', '', 'Steadiness', 9, 7, 6, 5, '2018/2019'),
(803, '1512101', 0, '', '', '', 'Steadiness', 6, 5, 7, 6, '2018/2019'),
(804, '1512102', 0, '', '', '', 'Steadiness', 9, 7, 6, 5, '2018/2019'),
(805, '1512103', 0, '', '', '', 'Conscientiousness', 6, 5, 7, 6, '2018/2019'),
(806, '1512104', 0, '', '', '', 'Conscientiousness', 9, 7, 6, 5, '2018/2019'),
(807, '1512105', 0, '', '', '', 'Conscientiousness', 6, 5, 7, 6, '2018/2019'),
(808, '1512106', 0, '', '', '', 'Steadiness', 9, 7, 6, 5, '2018/2019'),
(809, '1512107', 0, '', '', '', 'Steadiness', 6, 5, 7, 6, '2018/2019'),
(810, '1512108', 0, '', '', '', 'Steadiness', 9, 7, 6, 5, '2018/2019'),
(811, '1512109', 0, '', '', '', 'Steadiness', 6, 5, 7, 6, '2018/2019'),
(812, '1512110', 0, '', '', '', 'Steadiness', 9, 7, 6, 5, '2018/2019'),
(813, '1512111', 0, '', '', '', 'Steadiness', 6, 5, 7, 6, '2018/2019'),
(814, '1512112', 0, '', '', '', 'Steadiness', 9, 7, 6, 5, '2018/2019'),
(815, '1512113', 0, '', '', '', 'Conscientiousness', 6, 5, 7, 6, '2018/2019'),
(816, '1512114', 0, '', '', '', 'Conscientiousness', 9, 7, 6, 5, '2018/2019'),
(817, '1512115', 0, '', '', '', 'Conscientiousness', 6, 5, 7, 6, '2018/2019'),
(818, '1512116', 0, '', '', '', 'Conscientiousness', 9, 7, 6, 5, '2018/2019'),
(819, '1512117', 0, '', '', '', 'Conscientiousness', 6, 5, 7, 6, '2018/2019'),
(820, '1512118', 0, '', '', '', 'Conscientiousness', 9, 7, 6, 5, '2018/2019'),
(821, '1512119', 0, '', '', '', 'Conscientiousness', 6, 5, 7, 6, '2018/2019'),
(822, '1512120', 0, '', '', '', 'Conscientiousness', 9, 7, 6, 5, '2018/2019'),
(823, '1512121', 0, '', '', '', 'Conscientiousness', 6, 5, 7, 6, '2018/2019'),
(824, '1512122', 0, '', '', '', 'Conscientiousness', 9, 7, 6, 5, '2018/2019'),
(825, '1512123', 0, '', '', '', 'Conscientiousness', 6, 5, 7, 6, '2018/2019'),
(826, '1512124', 0, '', '', '', 'Conscientiousness', 9, 7, 6, 5, '2018/2019'),
(827, '1512125', 0, '', '', '', 'Steadiness', 6, 5, 7, 6, '2018/2019'),
(828, '1512126', 0, '', '', '', 'Steadiness', 9, 7, 6, 5, '2018/2019'),
(829, '1512127', 0, '', '', '', 'Conscientiousness', 6, 5, 7, 6, '2018/2019'),
(830, '1512128', 0, '', '', '', 'Steadiness', 9, 7, 6, 5, '2018/2019'),
(831, '1512129', 0, '', '', '', 'Steadiness', 6, 5, 7, 6, '2018/2019'),
(832, '1512130', 0, '', '', '', 'Conscientiousness', 9, 7, 6, 5, '2018/2019'),
(833, '1512131', 0, '', '', '', 'Conscientiousness', 6, 5, 7, 6, '2018/2019'),
(834, '1512132', 0, '', '', '', 'Conscientiousness', 9, 7, 6, 5, '2018/2019'),
(835, '1512133', 0, '', '', '', 'Conscientiousness', 6, 5, 7, 6, '2018/2019'),
(836, '1512134', 0, '', '', '', 'Steadiness', 9, 7, 6, 5, '2018/2019'),
(837, '1512135', 0, '', '', '', 'Conscientiousness', 6, 5, 7, 6, '2018/2019'),
(838, '1512136', 0, '', '', '', 'Steadiness', 9, 7, 6, 5, '2018/2019'),
(839, '1512137', 0, '', '', '', 'Conscientiousness', 6, 5, 7, 6, '2018/2019'),
(840, '1512138', 0, '', '', '', 'Conscientiousness', 9, 7, 6, 5, '2018/2019'),
(841, '1512139', 0, '', '', '', 'Steadiness', 6, 5, 7, 6, '2018/2019'),
(842, '1512140', 0, '', '', '', 'Conscientiousness', 9, 7, 6, 5, '2018/2019'),
(843, '1512141', 0, '', '', '', 'Conscientiousness', 6, 5, 7, 6, '2018/2019'),
(844, '1512142', 0, '', '', '', 'Dominant', 9, 7, 6, 5, '2018/2019'),
(845, '1512143', 0, '', '', '', 'Steadiness', 6, 5, 7, 6, '2018/2019'),
(846, '1512144', 0, '', '', '', 'Dominant', 9, 7, 6, 5, '2018/2019'),
(847, '1512145', 0, '', '', '', 'Influencing', 6, 5, 7, 6, '2018/2019'),
(848, '1512146', 0, '', '', '', 'Conscientiousness', 9, 7, 6, 5, '2018/2019'),
(849, '1512147', 0, '', '', '', 'Steadiness', 6, 5, 7, 6, '2018/2019'),
(850, '1512148', 0, '', '', '', 'Steadiness', 9, 7, 6, 5, '2018/2019'),
(851, '1512149', 0, '', '', '', 'Steadiness', 6, 5, 7, 6, '2018/2019'),
(852, '1512150', 0, '', '', '', 'Conscientiousness', 9, 7, 6, 5, '2018/2019'),
(853, '1512151', 0, '', '', '', 'Influencing', 6, 5, 7, 6, '2018/2019'),
(854, '1512152', 0, '', '', '', 'Influencing', 9, 7, 6, 5, '2018/2019'),
(855, '1512153', 0, '', '', '', 'Steadiness', 6, 5, 7, 6, '2018/2019'),
(856, '1512154', 0, '', '', '', 'Conscientiousness', 9, 7, 6, 5, '2018/2019'),
(857, '1512155', 0, '', '', '', 'Conscientiousness', 6, 5, 7, 6, '2018/2019'),
(858, '1512156', 0, '', '', '', 'Dominant', 9, 7, 6, 5, '2018/2019'),
(859, '1512157', 0, '', '', '', 'Conscientiousness', 6, 5, 7, 6, '2018/2019'),
(860, '1512158', 0, '', '', '', 'Influencing', 9, 7, 6, 5, '2018/2019'),
(861, '1512159', 0, '', '', '', 'Influencing', 6, 5, 7, 6, '2018/2019'),
(862, '1512160', 0, '', '', '', 'Influencing', 9, 7, 6, 5, '2018/2019'),
(863, '1512161', 0, '', '', '', 'Influencing', 6, 5, 7, 6, '2018/2019'),
(864, '1411001', 0, '', '', '', 'Dominant', 9, 7, 6, 5, '2017/2018'),
(865, '1411002', 0, '', '', '', 'Steadiness', 6, 5, 7, 6, '2017/2018'),
(866, '1411003', 0, '', '', '', 'Dominant', 9, 7, 6, 5, '2017/2018'),
(867, '1411004', 0, '', '', '', 'Influencing', 6, 5, 7, 6, '2017/2018'),
(868, '1411005', 0, '', '', '', 'Conscientiousness', 9, 7, 6, 5, '2017/2018'),
(869, '1411006', 0, '', '', '', 'Steadiness', 6, 5, 7, 6, '2017/2018'),
(870, '1411007', 0, '', '', '', 'Steadiness', 9, 7, 6, 5, '2017/2018'),
(871, '1411008', 0, '', '', '', 'Steadiness', 6, 5, 7, 6, '2017/2018'),
(872, '1411009', 0, '', '', '', 'Conscientiousness', 9, 7, 6, 5, '2017/2018'),
(873, '1411010', 0, '', '', '', 'Influencing', 6, 5, 7, 6, '2017/2018'),
(874, '1411011', 0, '', '', '', 'Influencing', 9, 7, 6, 5, '2017/2018'),
(875, '1411012', 0, '', '', '', 'Steadiness', 6, 5, 7, 6, '2017/2018'),
(876, '1411013', 0, '', '', '', 'Conscientiousness', 9, 7, 6, 5, '2017/2018'),
(877, '1411014', 0, '', '', '', 'Conscientiousness', 6, 5, 7, 6, '2017/2018'),
(878, '1411015', 0, '', '', '', 'Dominant', 9, 7, 6, 5, '2017/2018'),
(879, '1411016', 0, '', '', '', 'Conscientiousness', 6, 5, 7, 6, '2017/2018'),
(880, '1411017', 0, '', '', '', 'Influencing', 9, 7, 6, 5, '2017/2018'),
(881, '1411018', 0, '', '', '', 'Influencing', 6, 5, 7, 6, '2017/2018'),
(882, '1411019', 0, '', '', '', 'Influencing', 9, 7, 6, 5, '2017/2018'),
(883, '1411020', 0, '', '', '', 'Influencing', 6, 5, 7, 6, '2017/2018'),
(884, '1411021', 0, '', '', '', 'Influencing', 9, 7, 6, 5, '2017/2018'),
(885, '1411022', 0, '', '', '', 'Influencing', 6, 5, 7, 6, '2017/2018'),
(886, '1411023', 0, '', '', '', 'Influencing', 9, 7, 6, 5, '2017/2018'),
(887, '1411024', 0, '', '', '', 'Influencing', 6, 5, 7, 6, '2017/2018'),
(888, '1411025', 0, '', '', '', 'Steadiness', 9, 7, 6, 5, '2017/2018'),
(889, '1411026', 0, '', '', '', 'Conscientiousness', 6, 5, 7, 6, '2017/2018'),
(890, '1411027', 0, '', '', '', 'Conscientiousness', 9, 7, 6, 5, '2017/2018'),
(891, '1411028', 0, '', '', '', 'Steadiness', 6, 5, 7, 6, '2017/2018'),
(892, '1411029', 0, '', '', '', 'Steadiness', 9, 7, 6, 5, '2017/2018'),
(893, '1411030', 0, '', '', '', 'Conscientiousness', 6, 5, 7, 6, '2017/2018'),
(894, '1411031', 0, '', '', '', 'Conscientiousness', 9, 7, 6, 5, '2017/2018'),
(895, '1411032', 0, '', '', '', 'Conscientiousness', 6, 5, 7, 6, '2017/2018'),
(896, '1411033', 0, '', '', '', 'Conscientiousness', 9, 7, 6, 5, '2017/2018'),
(897, '1411034', 0, '', '', '', 'Conscientiousness', 6, 5, 7, 6, '2017/2018'),
(898, '1411035', 0, '', '', '', 'Dominant', 9, 7, 6, 5, '2017/2018'),
(899, '1411036', 0, '', '', '', 'Conscientiousness', 6, 5, 7, 6, '2017/2018'),
(900, '1411037', 0, '', '', '', 'Conscientiousness', 9, 7, 6, 5, '2017/2018'),
(901, '1411038', 0, '', '', '', 'Influencing', 6, 5, 7, 6, '2017/2018'),
(902, '1411039', 0, '', '', '', 'Influencing', 9, 7, 6, 5, '2017/2018'),
(903, '1411040', 0, '', '', '', 'Influencing', 6, 5, 7, 6, '2017/2018'),
(904, '1411041', 0, '', '', '', 'Influencing', 9, 7, 6, 5, '2017/2018'),
(905, '1411042', 0, '', '', '', 'Influencing', 6, 5, 7, 6, '2017/2018'),
(906, '1411043', 0, '', '', '', 'Influencing', 9, 7, 6, 5, '2017/2018'),
(907, '1411044', 0, '', '', '', 'Influencing', 6, 5, 7, 6, '2017/2018'),
(908, '1411045', 0, '', '', '', 'Conscientiousness', 9, 7, 6, 5, '2017/2018'),
(909, '1411046', 0, '', '', '', 'Conscientiousness', 6, 5, 7, 6, '2017/2018'),
(910, '1411047', 0, '', '', '', 'Conscientiousness', 9, 7, 6, 5, '2017/2018'),
(911, '1411048', 0, '', '', '', 'Steadiness', 6, 5, 7, 6, '2017/2018'),
(912, '1411049', 0, '', '', '', 'Steadiness', 9, 7, 6, 5, '2017/2018'),
(913, '1411050', 0, '', '', '', 'Steadiness', 6, 5, 7, 6, '2017/2018'),
(914, '1411051', 0, '', '', '', 'Steadiness', 9, 7, 6, 5, '2017/2018'),
(915, '1411052', 0, '', '', '', 'Steadiness', 6, 5, 7, 6, '2017/2018'),
(916, '1411053', 0, '', '', '', 'Steadiness', 9, 7, 6, 5, '2017/2018'),
(917, '1411054', 0, '', '', '', 'Steadiness', 6, 5, 7, 6, '2017/2018'),
(918, '1411055', 0, '', '', '', 'Conscientiousness', 9, 7, 6, 5, '2017/2018'),
(919, '1411056', 0, '', '', '', 'Conscientiousness', 6, 5, 7, 6, '2017/2018'),
(920, '1411057', 0, '', '', '', 'Influencing', 9, 7, 6, 5, '2017/2018'),
(921, '1411058', 0, '', '', '', 'Influencing', 6, 5, 7, 6, '2017/2018'),
(922, '1411059', 0, '', '', '', 'Influencing', 9, 7, 6, 5, '2017/2018'),
(923, '1411060', 0, '', '', '', 'Dominant', 6, 5, 7, 6, '2017/2018'),
(924, '1411061', 0, '', '', '', 'Dominant', 9, 7, 6, 5, '2017/2018'),
(925, '1411062', 0, '', '', '', 'Conscientiousness', 6, 5, 7, 6, '2017/2018'),
(926, '1411063', 0, '', '', '', 'Conscientiousness', 9, 7, 6, 5, '2017/2018'),
(927, '1411064', 0, '', '', '', 'Conscientiousness', 6, 5, 7, 6, '2017/2018'),
(928, '1411065', 0, '', '', '', 'Conscientiousness', 9, 7, 6, 5, '2017/2018'),
(929, '1411066', 0, '', '', '', 'Conscientiousness', 6, 5, 7, 6, '2017/2018'),
(930, '1411067', 0, '', '', '', 'Conscientiousness', 9, 7, 6, 5, '2017/2018'),
(931, '1411068', 0, '', '', '', 'Influencing', 6, 5, 7, 6, '2017/2018'),
(932, '1411069', 0, '', '', '', 'Influencing', 9, 7, 6, 5, '2017/2018'),
(933, '1411070', 0, '', '', '', 'Influencing', 6, 5, 7, 6, '2017/2018'),
(934, '1411071', 0, '', '', '', 'Conscientiousness', 9, 7, 6, 5, '2017/2018'),
(935, '1411072', 0, '', '', '', 'Influencing', 6, 5, 7, 6, '2017/2018'),
(936, '1411073', 0, '', '', '', 'Influencing', 9, 7, 6, 5, '2017/2018'),
(937, '1411074', 0, '', '', '', 'Influencing', 6, 5, 7, 6, '2017/2018'),
(938, '1411075', 0, '', '', '', 'Influencing', 9, 7, 6, 5, '2017/2018'),
(939, '1411076', 0, '', '', '', 'Conscientiousness', 6, 5, 7, 6, '2017/2018'),
(940, '1411077', 0, '', '', '', 'Conscientiousness', 9, 7, 6, 5, '2017/2018'),
(941, '1411078', 0, '', '', '', 'Conscientiousness', 6, 5, 7, 6, '2017/2018'),
(942, '1411079', 0, '', '', '', 'Steadiness', 9, 7, 6, 5, '2017/2018'),
(943, '1411080', 0, '', '', '', 'Steadiness', 6, 5, 7, 6, '2017/2018'),
(944, '1411081', 0, '', '', '', 'Steadiness', 9, 7, 6, 5, '2017/2018'),
(945, '1411082', 0, '', '', '', 'Conscientiousness', 6, 5, 7, 6, '2017/2018'),
(946, '1411083', 0, '', '', '', 'Conscientiousness', 9, 7, 6, 5, '2017/2018'),
(947, '1411084', 0, '', '', '', 'Conscientiousness', 6, 5, 7, 6, '2017/2018'),
(948, '1411085', 0, '', '', '', 'Steadiness', 9, 7, 6, 5, '2017/2018'),
(949, '1411086', 0, '', '', '', 'Steadiness', 6, 5, 7, 6, '2017/2018'),
(950, '1411087', 0, '', '', '', 'Steadiness', 9, 7, 6, 5, '2017/2018'),
(951, '1411088', 0, '', '', '', 'Steadiness', 6, 5, 7, 6, '2017/2018'),
(952, '1411089', 0, '', '', '', 'Steadiness', 9, 7, 6, 5, '2017/2018'),
(953, '1411090', 0, '', '', '', 'Steadiness', 6, 5, 7, 6, '2017/2018'),
(954, '1411091', 0, '', '', '', 'Steadiness', 9, 7, 6, 5, '2017/2018'),
(955, '1411092', 0, '', '', '', 'Conscientiousness', 6, 5, 7, 6, '2017/2018'),
(956, '1411093', 0, '', '', '', 'Conscientiousness', 9, 7, 6, 5, '2017/2018'),
(957, '1411094', 0, '', '', '', 'Conscientiousness', 6, 5, 7, 6, '2017/2018'),
(958, '1411095', 0, '', '', '', 'Conscientiousness', 9, 7, 6, 5, '2017/2018'),
(959, '1411096', 0, '', '', '', 'Conscientiousness', 6, 5, 7, 6, '2017/2018'),
(960, '1411097', 0, '', '', '', 'Conscientiousness', 9, 7, 6, 5, '2017/2018'),
(961, '1411098', 0, '', '', '', 'Conscientiousness', 6, 5, 7, 6, '2017/2018'),
(962, '1411099', 0, '', '', '', 'Conscientiousness', 9, 7, 6, 5, '2017/2018'),
(963, '1411100', 0, '', '', '', 'Conscientiousness', 6, 5, 7, 6, '2017/2018'),
(964, '1411101', 0, '', '', '', 'Conscientiousness', 9, 7, 6, 5, '2017/2018'),
(965, '1411102', 0, '', '', '', 'Conscientiousness', 6, 5, 7, 6, '2017/2018'),
(966, '1411103', 0, '', '', '', 'Conscientiousness', 9, 7, 6, 5, '2017/2018'),
(967, '1411104', 0, '', '', '', 'Steadiness', 6, 5, 7, 6, '2017/2018'),
(968, '1411105', 0, '', '', '', 'Steadiness', 9, 7, 6, 5, '2017/2018'),
(969, '1411106', 0, '', '', '', 'Conscientiousness', 6, 5, 7, 6, '2017/2018'),
(970, '1411107', 0, '', '', '', 'Steadiness', 9, 7, 6, 5, '2017/2018'),
(971, '1411108', 0, '', '', '', 'Steadiness', 6, 5, 7, 6, '2017/2018'),
(972, '1411109', 0, '', '', '', 'Conscientiousness', 9, 7, 6, 5, '2017/2018'),
(973, '1411110', 0, '', '', '', 'Conscientiousness', 6, 5, 7, 6, '2017/2018'),
(974, '1411111', 0, '', '', '', 'Conscientiousness', 9, 7, 6, 5, '2017/2018'),
(975, '1411112', 0, '', '', '', 'Conscientiousness', 6, 5, 7, 6, '2017/2018'),
(976, '1411113', 0, '', '', '', 'Steadiness', 9, 7, 6, 5, '2017/2018'),
(977, '1411114', 0, '', '', '', 'Conscientiousness', 6, 5, 7, 6, '2017/2018'),
(978, '1411115', 0, '', '', '', 'Steadiness', 9, 7, 6, 5, '2017/2018'),
(979, '1411116', 0, '', '', '', 'Conscientiousness', 6, 5, 7, 6, '2017/2018'),
(980, '1411117', 0, '', '', '', 'Conscientiousness', 9, 7, 6, 5, '2017/2018'),
(981, '1411118', 0, '', '', '', 'Steadiness', 6, 5, 7, 6, '2017/2018'),
(982, '1411119', 0, '', '', '', 'Conscientiousness', 9, 7, 6, 5, '2017/2018'),
(983, '1411120', 0, '', '', '', 'Conscientiousness', 6, 5, 7, 6, '2017/2018');

-- --------------------------------------------------------

--
-- Struktur dari tabel `penampung_c`
--

CREATE TABLE `penampung_c` (
  `id` int(11) NOT NULL,
  `nim` varchar(100) NOT NULL,
  `periode` varchar(15) NOT NULL,
  `kategori` varchar(20) NOT NULL,
  `kelompok` varchar(20) NOT NULL,
  `jk` varchar(10) NOT NULL
) ENGINE=InnoDB DEFAULT CHARSET=latin1;

--
-- Dumping data untuk tabel `penampung_c`
--

INSERT INTO `penampung_c` (`id`, `nim`, `periode`, `kategori`, `kelompok`, `jk`) VALUES
(1702, '1511009', '2018/2019', 'Conscientiousness', '', 'L'),
(1703, '1511016', '2018/2019', 'Conscientiousness', '', 'L'),
(1704, '1511027', '2018/2019', 'Conscientiousness', '', 'L'),
(1705, '1511030', '2018/2019', 'Conscientiousness', '', 'L'),
(1706, '1511031', '2018/2019', 'Conscientiousness', '', 'L'),
(1707, '1511034', '2018/2019', 'Conscientiousness', '', 'L'),
(1708, '1511036', '2018/2019', 'Conscientiousness', '', 'L'),
(1709, '1511037', '2018/2019', 'Conscientiousness', '', 'L'),
(1710, '1511046', '2018/2019', 'Conscientiousness', '', 'L'),
(1711, '1511047', '2018/2019', 'Conscientiousness', '', 'L'),
(1712, '1511067', '2018/2019', 'Conscientiousness', '', 'L'),
(1713, '1511071', '2018/2019', 'Conscientiousness', '', 'L'),
(1714, '1511092', '2018/2019', 'Conscientiousness', '', 'L'),
(1715, '1511093', '2018/2019', 'Conscientiousness', '', 'L'),
(1716, '1511094', '2018/2019', 'Conscientiousness', '', 'L'),
(1717, '1511095', '2018/2019', 'Conscientiousness', '', 'L'),
(1718, '1511099', '2018/2019', 'Conscientiousness', '', 'L'),
(1719, '1512001', '2018/2019', 'Conscientiousness', '', 'L'),
(1720, '1512002', '2018/2019', 'Conscientiousness', '', 'L'),
(1721, '1512004', '2018/2019', 'Conscientiousness', '', 'L'),
(1722, '1512010', '2018/2019', 'Conscientiousness', '', 'L'),
(1723, '1512013', '2018/2019', 'Conscientiousness', '', 'L'),
(1724, '1512015', '2018/2019', 'Conscientiousness', '', 'L'),
(1725, '1512017', '2018/2019', 'Conscientiousness', '', 'L'),
(1726, '1512021', '2018/2019', 'Conscientiousness', '', 'L'),
(1727, '1512030', '2018/2019', 'Conscientiousness', '', 'L'),
(1728, '1512037', '2018/2019', 'Conscientiousness', '', 'L'),
(1729, '1512048', '2018/2019', 'Conscientiousness', '', 'L'),
(1730, '1512051', '2018/2019', 'Conscientiousness', '', 'L'),
(1731, '1512052', '2018/2019', 'Conscientiousness', '', 'L'),
(1732, '1512055', '2018/2019', 'Conscientiousness', '', 'L'),
(1733, '1512057', '2018/2019', 'Conscientiousness', '', 'L'),
(1734, '1512058', '2018/2019', 'Conscientiousness', '', 'L'),
(1735, '1512067', '2018/2019', 'Conscientiousness', '', 'L'),
(1736, '1512068', '2018/2019', 'Conscientiousness', '', 'L'),
(1737, '1512088', '2018/2019', 'Conscientiousness', '', 'L'),
(1738, '1512092', '2018/2019', 'Conscientiousness', '', 'L'),
(1739, '1512113', '2018/2019', 'Conscientiousness', '', 'L'),
(1740, '1512114', '2018/2019', 'Conscientiousness', '', 'L'),
(1741, '1512115', '2018/2019', 'Conscientiousness', '', 'L'),
(1742, '1512116', '2018/2019', 'Conscientiousness', '', 'L'),
(1743, '1512120', '2018/2019', 'Conscientiousness', '', 'L'),
(1744, '1512121', '2018/2019', 'Conscientiousness', '', 'L'),
(1745, '1512122', '2018/2019', 'Conscientiousness', '', 'L'),
(1746, '1512124', '2018/2019', 'Conscientiousness', '', 'L'),
(1747, '1512130', '2018/2019', 'Conscientiousness', '', 'L'),
(1748, '1512133', '2018/2019', 'Conscientiousness', '', 'L'),
(1749, '1512135', '2018/2019', 'Conscientiousness', '', 'L'),
(1750, '1512137', '2018/2019', 'Conscientiousness', '', 'L'),
(1751, '1512141', '2018/2019', 'Conscientiousness', '', 'L'),
(1752, '1512150', '2018/2019', 'Conscientiousness', '', 'L'),
(1753, '1512157', '2018/2019', 'Conscientiousness', '', 'L'),
(1754, '1511005', '2018/2019', 'Conscientiousness', '', 'P'),
(1755, '1511013', '2018/2019', 'Conscientiousness', '', 'P'),
(1756, '1511014', '2018/2019', 'Conscientiousness', '', 'P'),
(1757, '1511026', '2018/2019', 'Conscientiousness', '', 'P'),
(1758, '1511032', '2018/2019', 'Conscientiousness', '', 'P'),
(1759, '1511033', '2018/2019', 'Conscientiousness', '', 'P'),
(1760, '1511045', '2018/2019', 'Conscientiousness', '', 'P'),
(1761, '1511055', '2018/2019', 'Conscientiousness', '', 'P'),
(1762, '1511056', '2018/2019', 'Conscientiousness', '', 'P'),
(1763, '1511062', '2018/2019', 'Conscientiousness', '', 'P'),
(1764, '1511063', '2018/2019', 'Conscientiousness', '', 'P'),
(1765, '1511064', '2018/2019', 'Conscientiousness', '', 'P'),
(1766, '1511065', '2018/2019', 'Conscientiousness', '', 'P'),
(1767, '1511066', '2018/2019', 'Conscientiousness', '', 'P'),
(1768, '1511076', '2018/2019', 'Conscientiousness', '', 'P'),
(1769, '1511077', '2018/2019', 'Conscientiousness', '', 'P'),
(1770, '1511078', '2018/2019', 'Conscientiousness', '', 'P'),
(1771, '1511082', '2018/2019', 'Conscientiousness', '', 'P'),
(1772, '1511083', '2018/2019', 'Conscientiousness', '', 'P'),
(1773, '1511084', '2018/2019', 'Conscientiousness', '', 'P'),
(1774, '1511096', '2018/2019', 'Conscientiousness', '', 'P'),
(1775, '1511097', '2018/2019', 'Conscientiousness', '', 'P'),
(1776, '1511098', '2018/2019', 'Conscientiousness', '', 'P'),
(1777, '1512003', '2018/2019', 'Conscientiousness', '', 'P'),
(1778, '1512007', '2018/2019', 'Conscientiousness', '', 'P'),
(1779, '1512011', '2018/2019', 'Conscientiousness', '', 'P'),
(1780, '1512012', '2018/2019', 'Conscientiousness', '', 'P'),
(1781, '1512018', '2018/2019', 'Conscientiousness', '', 'P'),
(1782, '1512020', '2018/2019', 'Conscientiousness', '', 'P'),
(1783, '1512026', '2018/2019', 'Conscientiousness', '', 'P'),
(1784, '1512034', '2018/2019', 'Conscientiousness', '', 'P'),
(1785, '1512035', '2018/2019', 'Conscientiousness', '', 'P'),
(1786, '1512047', '2018/2019', 'Conscientiousness', '', 'P'),
(1787, '1512053', '2018/2019', 'Conscientiousness', '', 'P'),
(1788, '1512054', '2018/2019', 'Conscientiousness', '', 'P'),
(1789, '1512066', '2018/2019', 'Conscientiousness', '', 'P'),
(1790, '1512076', '2018/2019', 'Conscientiousness', '', 'P'),
(1791, '1512077', '2018/2019', 'Conscientiousness', '', 'P'),
(1792, '1512083', '2018/2019', 'Conscientiousness', '', 'P'),
(1793, '1512084', '2018/2019', 'Conscientiousness', '', 'P'),
(1794, '1512085', '2018/2019', 'Conscientiousness', '', 'P'),
(1795, '1512086', '2018/2019', 'Conscientiousness', '', 'P'),
(1796, '1512087', '2018/2019', 'Conscientiousness', '', 'P'),
(1797, '1512097', '2018/2019', 'Conscientiousness', '', 'P'),
(1798, '1512098', '2018/2019', 'Conscientiousness', '', 'P'),
(1799, '1512099', '2018/2019', 'Conscientiousness', '', 'P'),
(1800, '1512103', '2018/2019', 'Conscientiousness', '', 'P'),
(1801, '1512104', '2018/2019', 'Conscientiousness', '', 'P'),
(1802, '1512105', '2018/2019', 'Conscientiousness', '', 'P'),
(1803, '1512117', '2018/2019', 'Conscientiousness', '', 'P'),
(1804, '1512118', '2018/2019', 'Conscientiousness', '', 'P'),
(1805, '1512119', '2018/2019', 'Conscientiousness', '', 'P'),
(1806, '1512123', '2018/2019', 'Conscientiousness', '', 'P'),
(1807, '1512127', '2018/2019', 'Conscientiousness', '', 'P'),
(1808, '1512131', '2018/2019', 'Conscientiousness', '', 'P'),
(1809, '1512132', '2018/2019', 'Conscientiousness', '', 'P'),
(1810, '1512138', '2018/2019', 'Conscientiousness', '', 'P'),
(1811, '1512140', '2018/2019', 'Conscientiousness', '', 'P'),
(1812, '1512146', '2018/2019', 'Conscientiousness', '', 'P'),
(1813, '1512154', '2018/2019', 'Conscientiousness', '', 'P'),
(1814, '1512155', '2018/2019', 'Conscientiousness', '', 'P');

-- --------------------------------------------------------

--
-- Struktur dari tabel `penampung_d`
--

CREATE TABLE `penampung_d` (
  `id` int(11) NOT NULL,
  `nim` varchar(100) NOT NULL,
  `periode` varchar(15) NOT NULL,
  `kategori` varchar(20) NOT NULL,
  `kelompok` varchar(20) NOT NULL,
  `jk` varchar(10) NOT NULL
) ENGINE=InnoDB DEFAULT CHARSET=latin1;

--
-- Dumping data untuk tabel `penampung_d`
--

INSERT INTO `penampung_d` (`id`, `nim`, `periode`, `kategori`, `kelompok`, `jk`) VALUES
(126, '1511001', '2018/2019', 'Dominant', '', 'L'),
(127, '1511003', '2018/2019', 'Dominant', '', 'L'),
(128, '1511035', '2018/2019', 'Dominant', '', 'L'),
(129, '1512022', '2018/2019', 'Dominant', '', 'L'),
(130, '1512024', '2018/2019', 'Dominant', '', 'L'),
(131, '1512056', '2018/2019', 'Dominant', '', 'L'),
(132, '1512142', '2018/2019', 'Dominant', '', 'L'),
(133, '1512144', '2018/2019', 'Dominant', '', 'L'),
(134, '1511015', '2018/2019', 'Dominant', '', 'P'),
(135, '1511060', '2018/2019', 'Dominant', '', 'P'),
(136, '1511061', '2018/2019', 'Dominant', '', 'P'),
(137, '1512036', '2018/2019', 'Dominant', '', 'P'),
(138, '1512081', '2018/2019', 'Dominant', '', 'P'),
(139, '1512082', '2018/2019', 'Dominant', '', 'P'),
(140, '1512156', '2018/2019', 'Dominant', '', 'P'),
(141, '1411001', '2017/2018', 'Dominant', '', 'L'),
(142, '1411003', '2017/2018', 'Dominant', '', 'L'),
(143, '1411035', '2017/2018', 'Dominant', '', 'L'),
(144, '1411015', '2017/2018', 'Dominant', '', 'P'),
(145, '1411060', '2017/2018', 'Dominant', '', 'P'),
(146, '1411061', '2017/2018', 'Dominant', '', 'P');

-- --------------------------------------------------------

--
-- Struktur dari tabel `penampung_i`
--

CREATE TABLE `penampung_i` (
  `id` int(11) NOT NULL,
  `nim` varchar(100) NOT NULL,
  `periode` varchar(15) NOT NULL,
  `kategori` varchar(20) NOT NULL,
  `kelompok` varchar(20) NOT NULL,
  `jk` varchar(10) NOT NULL
) ENGINE=InnoDB DEFAULT CHARSET=latin1;

--
-- Dumping data untuk tabel `penampung_i`
--

INSERT INTO `penampung_i` (`id`, `nim`, `periode`, `kategori`, `kelompok`, `jk`) VALUES
(547, '1511004', '2018/2019', 'Influencing', '', 'L'),
(548, '1511010', '2018/2019', 'Influencing', '', 'L'),
(549, '1511011', '2018/2019', 'Influencing', '', 'L'),
(550, '1511017', '2018/2019', 'Influencing', '', 'L'),
(551, '1511018', '2018/2019', 'Influencing', '', 'L'),
(552, '1511019', '2018/2019', 'Influencing', '', 'L'),
(553, '1511023', '2018/2019', 'Influencing', '', 'L'),
(554, '1511038', '2018/2019', 'Influencing', '', 'L'),
(555, '1511039', '2018/2019', 'Influencing', '', 'L'),
(556, '1511040', '2018/2019', 'Influencing', '', 'L'),
(557, '1511044', '2018/2019', 'Influencing', '', 'L'),
(558, '1511057', '2018/2019', 'Influencing', '', 'L'),
(559, '1511068', '2018/2019', 'Influencing', '', 'L'),
(560, '1511069', '2018/2019', 'Influencing', '', 'L'),
(561, '1511070', '2018/2019', 'Influencing', '', 'L'),
(562, '1511072', '2018/2019', 'Influencing', '', 'L'),
(563, '1511073', '2018/2019', 'Influencing', '', 'L'),
(564, '1512025', '2018/2019', 'Influencing', '', 'L'),
(565, '1512031', '2018/2019', 'Influencing', '', 'L'),
(566, '1512032', '2018/2019', 'Influencing', '', 'L'),
(567, '1512038', '2018/2019', 'Influencing', '', 'L'),
(568, '1512039', '2018/2019', 'Influencing', '', 'L'),
(569, '1512040', '2018/2019', 'Influencing', '', 'L'),
(570, '1512044', '2018/2019', 'Influencing', '', 'L'),
(571, '1512059', '2018/2019', 'Influencing', '', 'L'),
(572, '1512060', '2018/2019', 'Influencing', '', 'L'),
(573, '1512061', '2018/2019', 'Influencing', '', 'L'),
(574, '1512065', '2018/2019', 'Influencing', '', 'L'),
(575, '1512078', '2018/2019', 'Influencing', '', 'L'),
(576, '1512089', '2018/2019', 'Influencing', '', 'L'),
(577, '1512090', '2018/2019', 'Influencing', '', 'L'),
(578, '1512091', '2018/2019', 'Influencing', '', 'L'),
(579, '1512093', '2018/2019', 'Influencing', '', 'L'),
(580, '1512094', '2018/2019', 'Influencing', '', 'L'),
(581, '1512145', '2018/2019', 'Influencing', '', 'L'),
(582, '1512151', '2018/2019', 'Influencing', '', 'L'),
(583, '1512152', '2018/2019', 'Influencing', '', 'L'),
(584, '1512158', '2018/2019', 'Influencing', '', 'L'),
(585, '1512159', '2018/2019', 'Influencing', '', 'L'),
(586, '1512160', '2018/2019', 'Influencing', '', 'L'),
(587, '1511020', '2018/2019', 'Influencing', '', 'P'),
(588, '1511021', '2018/2019', 'Influencing', '', 'P'),
(589, '1511022', '2018/2019', 'Influencing', '', 'P'),
(590, '1511024', '2018/2019', 'Influencing', '', 'P'),
(591, '1511041', '2018/2019', 'Influencing', '', 'P'),
(592, '1511042', '2018/2019', 'Influencing', '', 'P'),
(593, '1511043', '2018/2019', 'Influencing', '', 'P'),
(594, '1511058', '2018/2019', 'Influencing', '', 'P'),
(595, '1511059', '2018/2019', 'Influencing', '', 'P'),
(596, '1511074', '2018/2019', 'Influencing', '', 'P'),
(597, '1511075', '2018/2019', 'Influencing', '', 'P'),
(598, '1512041', '2018/2019', 'Influencing', '', 'P'),
(599, '1512042', '2018/2019', 'Influencing', '', 'P'),
(600, '1512043', '2018/2019', 'Influencing', '', 'P'),
(601, '1512045', '2018/2019', 'Influencing', '', 'P'),
(602, '1512062', '2018/2019', 'Influencing', '', 'P'),
(603, '1512063', '2018/2019', 'Influencing', '', 'P'),
(604, '1512064', '2018/2019', 'Influencing', '', 'P'),
(605, '1512079', '2018/2019', 'Influencing', '', 'P'),
(606, '1512080', '2018/2019', 'Influencing', '', 'P'),
(607, '1512095', '2018/2019', 'Influencing', '', 'P'),
(608, '1512096', '2018/2019', 'Influencing', '', 'P'),
(609, '1512161', '2018/2019', 'Influencing', '', 'P'),
(610, '1411004', '2017/2018', 'Influencing', '', 'L'),
(611, '1411010', '2017/2018', 'Influencing', '', 'L'),
(612, '1411011', '2017/2018', 'Influencing', '', 'L'),
(613, '1411017', '2017/2018', 'Influencing', '', 'L'),
(614, '1411018', '2017/2018', 'Influencing', '', 'L'),
(615, '1411019', '2017/2018', 'Influencing', '', 'L'),
(616, '1411023', '2017/2018', 'Influencing', '', 'L'),
(617, '1411038', '2017/2018', 'Influencing', '', 'L'),
(618, '1411039', '2017/2018', 'Influencing', '', 'L'),
(619, '1411040', '2017/2018', 'Influencing', '', 'L'),
(620, '1411044', '2017/2018', 'Influencing', '', 'L'),
(621, '1411057', '2017/2018', 'Influencing', '', 'L'),
(622, '1411068', '2017/2018', 'Influencing', '', 'L'),
(623, '1411069', '2017/2018', 'Influencing', '', 'L'),
(624, '1411070', '2017/2018', 'Influencing', '', 'L'),
(625, '1411072', '2017/2018', 'Influencing', '', 'L'),
(626, '1411073', '2017/2018', 'Influencing', '', 'L'),
(627, '1411020', '2017/2018', 'Influencing', '', 'P'),
(628, '1411021', '2017/2018', 'Influencing', '', 'P'),
(629, '1411022', '2017/2018', 'Influencing', '', 'P'),
(630, '1411024', '2017/2018', 'Influencing', '', 'P'),
(631, '1411041', '2017/2018', 'Influencing', '', 'P'),
(632, '1411042', '2017/2018', 'Influencing', '', 'P'),
(633, '1411043', '2017/2018', 'Influencing', '', 'P'),
(634, '1411058', '2017/2018', 'Influencing', '', 'P'),
(635, '1411059', '2017/2018', 'Influencing', '', 'P'),
(636, '1411074', '2017/2018', 'Influencing', '', 'P'),
(637, '1411075', '2017/2018', 'Influencing', '', 'P');

-- --------------------------------------------------------

--
-- Struktur dari tabel `penampung_s`
--

CREATE TABLE `penampung_s` (
  `id` int(11) NOT NULL,
  `nim` varchar(100) NOT NULL,
  `periode` varchar(15) NOT NULL,
  `kategori` varchar(20) NOT NULL,
  `kelompok` varchar(20) NOT NULL,
  `jk` varchar(10) NOT NULL
) ENGINE=InnoDB DEFAULT CHARSET=latin1;

--
-- Dumping data untuk tabel `penampung_s`
--

INSERT INTO `penampung_s` (`id`, `nim`, `periode`, `kategori`, `kelompok`, `jk`) VALUES
(56, '1511002', '2018/2019', 'Steadiness', '', 'L'),
(57, '1511007', '2018/2019', 'Steadiness', '', 'L'),
(58, '1511008', '2018/2019', 'Steadiness', '', 'L'),
(59, '1511028', '2018/2019', 'Steadiness', '', 'L'),
(60, '1511029', '2018/2019', 'Steadiness', '', 'L'),
(61, '1511048', '2018/2019', 'Steadiness', '', 'L'),
(62, '1511049', '2018/2019', 'Steadiness', '', 'L'),
(63, '1511050', '2018/2019', 'Steadiness', '', 'L'),
(64, '1511051', '2018/2019', 'Steadiness', '', 'L'),
(65, '1511052', '2018/2019', 'Steadiness', '', 'L'),
(66, '1511079', '2018/2019', 'Steadiness', '', 'L'),
(67, '1511080', '2018/2019', 'Steadiness', '', 'L'),
(68, '1511081', '2018/2019', 'Steadiness', '', 'L'),
(69, '1511085', '2018/2019', 'Steadiness', '', 'L'),
(70, '1511086', '2018/2019', 'Steadiness', '', 'L'),
(71, '1511087', '2018/2019', 'Steadiness', '', 'L'),
(72, '1511088', '2018/2019', 'Steadiness', '', 'L'),
(73, '1511089', '2018/2019', 'Steadiness', '', 'L'),
(74, '1511090', '2018/2019', 'Steadiness', '', 'L'),
(75, '1511091', '2018/2019', 'Steadiness', '', 'L'),
(76, '1512008', '2018/2019', 'Steadiness', '', 'L'),
(77, '1512009', '2018/2019', 'Steadiness', '', 'L'),
(78, '1512016', '2018/2019', 'Steadiness', '', 'L'),
(79, '1512023', '2018/2019', 'Steadiness', '', 'L'),
(80, '1512028', '2018/2019', 'Steadiness', '', 'L'),
(81, '1512029', '2018/2019', 'Steadiness', '', 'L'),
(82, '1512049', '2018/2019', 'Steadiness', '', 'L'),
(83, '1512050', '2018/2019', 'Steadiness', '', 'L'),
(84, '1512069', '2018/2019', 'Steadiness', '', 'L'),
(85, '1512070', '2018/2019', 'Steadiness', '', 'L'),
(86, '1512071', '2018/2019', 'Steadiness', '', 'L'),
(87, '1512072', '2018/2019', 'Steadiness', '', 'L'),
(88, '1512073', '2018/2019', 'Steadiness', '', 'L'),
(89, '1512100', '2018/2019', 'Steadiness', '', 'L'),
(90, '1512101', '2018/2019', 'Steadiness', '', 'L'),
(91, '1512102', '2018/2019', 'Steadiness', '', 'L'),
(92, '1512106', '2018/2019', 'Steadiness', '', 'L'),
(93, '1512107', '2018/2019', 'Steadiness', '', 'L'),
(94, '1512108', '2018/2019', 'Steadiness', '', 'L'),
(95, '1512109', '2018/2019', 'Steadiness', '', 'L'),
(96, '1512110', '2018/2019', 'Steadiness', '', 'L'),
(97, '1512111', '2018/2019', 'Steadiness', '', 'L'),
(98, '1512112', '2018/2019', 'Steadiness', '', 'L'),
(99, '1512128', '2018/2019', 'Steadiness', '', 'L'),
(100, '1512129', '2018/2019', 'Steadiness', '', 'L'),
(101, '1512136', '2018/2019', 'Steadiness', '', 'L'),
(102, '1512143', '2018/2019', 'Steadiness', '', 'L'),
(103, '1512148', '2018/2019', 'Steadiness', '', 'L'),
(104, '1512149', '2018/2019', 'Steadiness', '', 'L'),
(105, '1511006', '2018/2019', 'Steadiness', '', 'P'),
(106, '1511012', '2018/2019', 'Steadiness', '', 'P'),
(107, '1511025', '2018/2019', 'Steadiness', '', 'P'),
(108, '1511053', '2018/2019', 'Steadiness', '', 'P'),
(109, '1511054', '2018/2019', 'Steadiness', '', 'P'),
(110, '1512005', '2018/2019', 'Steadiness', '', 'P'),
(111, '1512006', '2018/2019', 'Steadiness', '', 'P'),
(112, '1512014', '2018/2019', 'Steadiness', '', 'P'),
(113, '1512019', '2018/2019', 'Steadiness', '', 'P'),
(114, '1512027', '2018/2019', 'Steadiness', '', 'P'),
(115, '1512033', '2018/2019', 'Steadiness', '', 'P'),
(116, '1512046', '2018/2019', 'Steadiness', '', 'P'),
(117, '1512074', '2018/2019', 'Steadiness', '', 'P'),
(118, '1512075', '2018/2019', 'Steadiness', '', 'P'),
(119, '1512125', '2018/2019', 'Steadiness', '', 'P'),
(120, '1512126', '2018/2019', 'Steadiness', '', 'P'),
(121, '1512134', '2018/2019', 'Steadiness', '', 'P'),
(122, '1512139', '2018/2019', 'Steadiness', '', 'P'),
(123, '1512147', '2018/2019', 'Steadiness', '', 'P'),
(124, '1512153', '2018/2019', 'Steadiness', '', 'P'),
(125, '1411002', '2017/2018', 'Steadiness', '', 'L'),
(126, '1411007', '2017/2018', 'Steadiness', '', 'L'),
(127, '1411008', '2017/2018', 'Steadiness', '', 'L'),
(128, '1411028', '2017/2018', 'Steadiness', '', 'L'),
(129, '1411029', '2017/2018', 'Steadiness', '', 'L'),
(130, '1411048', '2017/2018', 'Steadiness', '', 'L'),
(131, '1411049', '2017/2018', 'Steadiness', '', 'L'),
(132, '1411050', '2017/2018', 'Steadiness', '', 'L'),
(133, '1411051', '2017/2018', 'Steadiness', '', 'L'),
(134, '1411052', '2017/2018', 'Steadiness', '', 'L'),
(135, '1411079', '2017/2018', 'Steadiness', '', 'L'),
(136, '1411080', '2017/2018', 'Steadiness', '', 'L'),
(137, '1411081', '2017/2018', 'Steadiness', '', 'L'),
(138, '1411085', '2017/2018', 'Steadiness', '', 'L'),
(139, '1411086', '2017/2018', 'Steadiness', '', 'L'),
(140, '1411087', '2017/2018', 'Steadiness', '', 'L'),
(141, '1411088', '2017/2018', 'Steadiness', '', 'L'),
(142, '1411089', '2017/2018', 'Steadiness', '', 'L'),
(143, '1411090', '2017/2018', 'Steadiness', '', 'L'),
(144, '1411091', '2017/2018', 'Steadiness', '', 'L'),
(145, '1411107', '2017/2018', 'Steadiness', '', 'L'),
(146, '1411108', '2017/2018', 'Steadiness', '', 'L'),
(147, '1411115', '2017/2018', 'Steadiness', '', 'L'),
(148, '1411006', '2017/2018', 'Steadiness', '', 'P'),
(149, '1411012', '2017/2018', 'Steadiness', '', 'P'),
(150, '1411025', '2017/2018', 'Steadiness', '', 'P'),
(151, '1411053', '2017/2018', 'Steadiness', '', 'P'),
(152, '1411054', '2017/2018', 'Steadiness', '', 'P'),
(153, '1411104', '2017/2018', 'Steadiness', '', 'P'),
(154, '1411105', '2017/2018', 'Steadiness', '', 'P'),
(155, '1411113', '2017/2018', 'Steadiness', '', 'P'),
(156, '1411118', '2017/2018', 'Steadiness', '', 'P');

-- --------------------------------------------------------

--
-- Struktur dari tabel `periode`
--

CREATE TABLE `periode` (
  `id` int(11) NOT NULL,
  `periode` varchar(20) NOT NULL,
  `aktif` enum('Ya','Tidak') NOT NULL DEFAULT 'Tidak',
  `jml_kel` int(11) NOT NULL
) ENGINE=InnoDB DEFAULT CHARSET=latin1;

--
-- Dumping data untuk tabel `periode`
--

INSERT INTO `periode` (`id`, `periode`, `aktif`, `jml_kel`) VALUES
(1, '2017/2018', 'Tidak', 12),
(2, '2018/2019', 'Ya', 26);

-- --------------------------------------------------------

--
-- Struktur dari tabel `siswa`
--

CREATE TABLE `siswa` (
  `nim` varchar(20) NOT NULL,
  `nama` varchar(100) NOT NULL,
  `password` varchar(50) NOT NULL,
  `id_kelas` int(5) NOT NULL,
  `jk` enum('L','P') NOT NULL,
  `periode` varchar(20) NOT NULL,
  `status` varchar(20) NOT NULL
) ENGINE=MyISAM DEFAULT CHARSET=latin1;

--
-- Dumping data untuk tabel `siswa`
--

INSERT INTO `siswa` (`nim`, `nama`, `password`, `id_kelas`, `jk`, `periode`, `status`) VALUES
('1511001', 'yovie fesya pratama', '948ead232bb9821193635a99d77db799', 49, 'L', '2018/2019', 'off'),
('1511002', 'islakhun nur dzaki', 'df3656f5d43866af654b41f84a457219', 49, 'L', '2018/2019', 'off'),
('1511003', 'nur rahmat dwi', '5b8c9be1269fe6daff101d175a7b75e7', 49, 'L', '2018/2019', 'off'),
('1511004', 'dwi ngafifudin', '8f454421d0677c83ed4937838806d75f', 49, 'L', '2018/2019', 'off'),
('1511005', 'desi rahmawati', '46b9296d1f4fef5bd546b90576a00284', 49, 'P', '2018/2019', 'off'),
('1511006', 'dian lestari', '34a260e79ef8b2bc30e2c77f3143c540', 49, 'P', '2018/2019', 'off'),
('1511007', 'alif lutfi', 'b9ed297fd675da3634a1e8ac3eef4fb8', 49, 'L', '2018/2019', 'off'),
('1511008', 'bertus', 'ee935a822110aa4c1896e7493db8ef29', 49, 'L', '2018/2019', 'off'),
('1511009', 'noto setyo p', '6d160e2075fb0710869c60ed374d8353', 49, 'L', '2018/2019', 'off'),
('1511010', 'ahmad yahya', '9818afbe0c4ef3bd9fb12e891ee1a1f4', 49, 'L', '2018/2019', 'off'),
('1511011', 'ghani fadia m', 'ed761b22c9aaad39681a541dba72e73f', 49, 'L', '2018/2019', 'off'),
('1511012', 'aurelia rahma', 'df1e3e72425e99cec8a90dca3c042cc7', 49, 'P', '2018/2019', 'off'),
('1511013', 'cahaya uzla', '610bdb893d576f439c67175e91587676', 49, 'P', '2018/2019', 'off'),
('1511014', 'regi ripta', '31ea8aaa53381b78598052786a8da83a', 49, 'P', '2018/2019', 'off'),
('1511015', 'ana rofiqoh', '47c238a1afc5055dd5e1e18359253606', 49, 'P', '2018/2019', 'off'),
('1511016', 'rizky algi', '36635773c9130c573adc3b489b1cd660', 49, 'L', '2018/2019', 'off'),
('1511017', 'rizky ', '9a308c6e7c442d057c7d572155e5c7f9', 49, 'L', '2018/2019', 'off'),
('1511018', 'fahrul rosi', '7e19b372b280d71f349cd11ff017f91c', 49, 'L', '2018/2019', 'off'),
('1511019', 'dimas wahyu', '87faa8cceca27783e2c7a3cedb12f133', 49, 'L', '2018/2019', 'off'),
('1511020', 'fitri', 'e60487c9045d05da394e8cf7a4b3c7db', 49, 'P', '2018/2019', 'off'),
('1511021', 'windy', 'f80071c8e6f7126ce65d51b0442b15d7', 49, 'P', '2018/2019', 'off'),
('1511022', 'bobo', '130f27d0ee14793d448d9bd72cb38d0d', 49, 'P', '2018/2019', 'off'),
('1511023', 'joni', '26398c2ba78f0092bb84a03097b3af56', 49, 'L', '2018/2019', 'off'),
('1511024', 'leni', '2135ad1ffa158f870f2088b827e0dab2', 49, 'P', '2018/2019', 'off'),
('1511025', 'annisa', '8b47e533b49606ad2722966df6b3cab0', 49, 'P', '2018/2019', 'off'),
('1511026', 'kety novianti', 'acdb98a2a5ae230b965aff532e8ddf54', 49, 'P', '2018/2019', 'off'),
('1511027', 'nawasena', 'f2f8ed50cf20d3b800453cab1747b5ff', 49, 'L', '2018/2019', 'off'),
('1511028', 'bagong', '0d8a7717b1176f21ff1aabd5b21a7107', 49, 'L', '2018/2019', 'off'),
('1511029', 'gareng', '9f510340dd42ff0484e9103a77e8e075', 49, 'L', '2018/2019', 'off'),
('1511030', 'petruk', '359fbbde05fe16efa842eda7f92ee1a0', 49, 'L', '2018/2019', 'off'),
('1511031', 'lesmana', '1fd850250f20798c097d19bb4cd81db6', 49, 'L', '2018/2019', 'off'),
('1511032', 'anggraeni', '16cfb44e24dc1988f6a10510f580e68d', 49, 'P', '2018/2019', 'off'),
('1511033', 'eni', '8482f560470976530be362da18f022e6', 49, 'P', '2018/2019', 'off'),
('1511034', 'agung', '647cfc496e3f7b3452445c9fc193d7ab', 49, 'L', '2018/2019', 'off'),
('1511035', 'dodi', '3e7743971cebd492c2e851c2e8d76ba9', 49, 'L', '2018/2019', 'off'),
('1511036', 'niam', '8bea76219bdf5c08daf48085fbbb0efc', 49, 'L', '2018/2019', 'off'),
('1511037', 'adit', '93b5d0a2d499bef07d64956316956d4a', 49, 'L', '2018/2019', 'off'),
('1511038', 'adi purnomo', 'a3deef54086e1545b6e13e770dd90f52', 49, 'L', '2018/2019', 'off'),
('1511039', 'rinta setyo', '3081978c84c195688f864cb82da8a28e', 49, 'L', '2018/2019', 'off'),
('1511040', 'ragil setyawan', 'be6f89561fbb89f18120e5dc1659c993', 49, 'L', '2018/2019', 'off'),
('1511041', 'Titik Rosiani', 'a163ece0a291032f9b1bb25eb5012f2a', 49, 'P', '2018/2019', 'off'),
('1511042', 'Praditans', '037b51360c8bb7fac6008f70f2932f20', 49, 'P', '2018/2019', 'off'),
('1511043', 'gita', '504ffc5f987fdb8c5d2cd0b0a0c7382d', 49, 'P', '2018/2019', 'off'),
('1511044', 'Endra Saputra', '43ade8e775b39cc0e4d57cce15f01df0', 49, 'L', '2018/2019', 'off'),
('1511045', 'Lusiana', '725caa252c2254aff50fc0254711ed59', 49, 'P', '2018/2019', 'off'),
('1511046', 'Meirza Arif', '2e99712a21c7a595e0da9ac37186af68', 49, 'L', '2018/2019', 'off'),
('1511047', 'Sholehudin', '1cf849745df422995e75614550b35881', 49, 'L', '2018/2019', 'off'),
('1511048', 'Agustianto', 'd3e0da2673360b66d49ab2c0af23a446', 49, 'L', '2018/2019', 'off'),
('1511049', 'Rilas Agung', 'd012e88d4118d27a1851347c78781792', 49, 'L', '2018/2019', 'off'),
('1511050', 'Rizky Agung', '39a7194221acfce2b9aa9bf4e3643b4c', 49, 'L', '2018/2019', 'off'),
('1511051', 'Gilang Ramadhan', '0cf979bb184b27b751fdfe66301dcb50', 49, 'L', '2018/2019', 'off'),
('1511052', 'Yohanes Kristanto', '0dc4ae14988c1f79433e901c4d454e79', 49, 'L', '2018/2019', 'off'),
('1511053', 'fida', '816ddd534ce3492d10139f1adb10aa12', 49, 'P', '2018/2019', 'off'),
('1511054', 'inggit', 'ea5a4e209b3768a10ee770963b23d950', 49, 'P', '2018/2019', 'off'),
('1511055', 'erlin', '836527651f94b7edc8404f46c95d2f04', 49, 'P', '2018/2019', 'off'),
('1511056', 'bayu putri', 'f48e956b37c9ed1f36ea551e59a5c1f8', 49, 'P', '2018/2019', 'off'),
('1511057', 'bayu mahendra', '9614d67459af9a555c1c2ec0e33456ab', 49, 'L', '2018/2019', 'off'),
('1511058', 'aulia kurna rahman', 'ca363d02f8101e40bac3be6869caa6c9', 49, 'P', '2018/2019', 'off'),
('1511059', 'raras santika dewi', '56582e27aaddc68eec8f7fd6b9e34f9f', 49, 'P', '2018/2019', 'off'),
('1511060', 'inas', 'f59e8c7ac625a08648dc7f9e615e55ac', 49, 'P', '2018/2019', 'off'),
('1511061', 'indit', '8fb63ffd0612d0c3bf8b470274050f78', 49, 'P', '2018/2019', 'off'),
('1511062', 'mia', '1d5bf24c2f95e32e0198d883363ff9ff', 49, 'P', '2018/2019', 'off'),
('1511063', 'dinda', '5c689f27399bffbc199e3be9d7ad8755', 49, 'P', '2018/2019', 'off'),
('1511064', 'asyifa', '6833d11fb61c6acda1b9b75c87c9a6fb', 49, 'P', '2018/2019', 'off'),
('1511065', 'devy', 'bb6100f9a10f8a013948e53535627b6f', 49, 'P', '2018/2019', 'off'),
('1511066', 'dita', '7aab62669492099e28745c2046ed5219', 49, 'P', '2018/2019', 'off'),
('1511067', 'joni', '4b5b9d48e300d619ed19873e7135d4c5', 49, 'L', '2018/2019', 'off'),
('1511068', 'permadi', 'f3b50cfcceee4700933b9dd3463647bb', 49, 'L', '2018/2019', 'off'),
('1511069', 'arjuna', '4002005c18d3511ba6f7ae08de667c36', 49, 'L', '2018/2019', 'off'),
('1511070', 'bima', '9cf433bdeeb2970fad30a81db529dda2', 49, 'L', '2018/2019', 'off'),
('1511071', 'yudistira', '30fc8d974a5d65796461666d6b341dbe', 49, 'L', '2018/2019', 'off'),
('1511072', 'nakula', 'c532fc959046973a1ded902eefd589d5', 49, 'L', '2018/2019', 'off'),
('1511073', 'sadewa', 'cc44344800aa13dc3ee957e1e1a62a22', 49, 'L', '2018/2019', 'off'),
('1511074', 'arini', 'b48109c30d8ab51bbe7315f3f5f10dfe', 49, 'P', '2018/2019', 'off'),
('1511075', 'arimbi', '630683f730ecd72e484a02aab584a9bd', 49, 'P', '2018/2019', 'off'),
('1511076', 'kunti', 'cfc5c35fc24da4b742df9ae811558456', 49, 'P', '2018/2019', 'off'),
('1511077', 'drupadi', 'a91adaa6b4a5d95cdb52d6c4297182d1', 49, 'P', '2018/2019', 'off'),
('1511078', 'srikandi', '143eba5c078e765258617ab3ab7ffe27', 49, 'P', '2018/2019', 'off'),
('1511079', 'gatotkaca', '5cc53a490f0bb150616c6398f353cc39', 49, 'L', '2018/2019', 'off'),
('1511080', 'wisanggeni', '71dd64247e6f78910ddc8e9144152ce9', 49, 'L', '2018/2019', 'off'),
('1511081', 'semar', '1f875714efce56c15a571ade568df7e6', 49, 'L', '2018/2019', 'off'),
('1511082', 'aqila', 'cca376fb179dc94ab3d24f598a6de24c', 49, 'P', '2018/2019', 'off'),
('1511083', 'ayunda', 'e66a6c6773df7807645f1e41bbbcfeba', 49, 'P', '2018/2019', 'off'),
('1511084', 'AYUNDI', '5ddc715130aae0b2d09ebfc144847d45', 49, 'P', '2018/2019', 'off'),
('1511085', 'adli', '1ea9edca875d2340498dab95868db2b3', 49, 'L', '2018/2019', 'off'),
('1511086', 'amar', '378556588ac6e7c339ad16abffe8348a', 49, 'L', '2018/2019', 'off'),
('1511087', 'gilang', '49a85eea6562ee769dbfbf45a8b4d3a7', 49, 'L', '2018/2019', 'off'),
('1511088', 'apip', '03333ff3fbe72d16bc984ec31a168e8f', 49, 'L', '2018/2019', 'off'),
('1511089', 'gufron', '8d360e98b828b24ae9038d33550ebc9d', 49, 'L', '2018/2019', 'off'),
('1511090', 'luqni', '44915b79a96c1cf0f5a36952eae658a7', 49, 'L', '2018/2019', 'off'),
('1511091', 'zaldi', 'fbcecea40b91b310c0df9efad42562ae', 49, 'L', '2018/2019', 'off'),
('1511092', 'zaeni', '155121c3b5f5cf9d7d8cb9fac68f6c89', 49, 'L', '2018/2019', 'off'),
('1511093', 'muflih', '72bff6c24c09fd32ceb9d300ba7bd074', 49, 'L', '2018/2019', 'off'),
('1511094', 'sambas', '6993715d7921d810eb86bda50c0495a7', 49, 'L', '2018/2019', 'off'),
('1511095', 'gunawan', '15f38cc9e55acc9b36fb8a25ab0d8c82', 49, 'L', '2018/2019', 'off'),
('1511096', 'mahasiswa A', 'c80ff3232d418aea7330af60b8fdeb8f', 49, 'P', '2018/2019', 'off'),
('1511097', 'mahasiswa B', 'eb372ca4f8ee909a51f138bc5a0c80cf', 49, 'P', '2018/2019', 'off'),
('1511098', 'mahasiswa c', '7b9ad98633cb3bb9b103b2eecce3c206', 49, 'P', '2018/2019', 'off'),
('1511099', 'mahasiswa d', '822f2744c4be19ab63427d106ba7123b', 49, 'L', '2018/2019', 'off'),
('1512001', 'mahasiswa e', 'b940f997e9ebfb9f591eb7c45a5c9081', 49, 'L', '2018/2019', 'off'),
('1512002', 'mahasiswa f', '3dff32f4dc3b6cf9ea2ebaa90cc97240', 49, 'L', '2018/2019', 'off'),
('1512003', 'mahasiswa g', 'fb6e3148afa2307556e5d2764f1cac98', 49, 'P', '2018/2019', 'off'),
('1512004', 'mahasiswa h', 'f24f1f8e3f4ce1d9db1571f345418a7d', 49, 'L', '2018/2019', 'off'),
('1512005', 'mahasiswa i', '398e587199b3d9f46f43c1a3f8b82bd9', 49, 'P', '2018/2019', 'off'),
('1512006', 'mahasiswa j', 'fcda6786a0b7fd1c0536a70dd3c3523d', 49, 'P', '2018/2019', 'off'),
('1512007', 'mahasiswa k', '1593840ddf458cf81dfa2ede3a8487f3', 49, 'P', '2018/2019', 'off'),
('1512008', 'mahasiswa l', '3750c58772be20700fd399cb5b38b967', 49, 'L', '2018/2019', 'off'),
('1512009', 'mahasiswa m', 'a13edf56f956175d1fbf493b2c8e31ae', 49, 'L', '2018/2019', 'off'),
('1512010', 'mahasiswa n', '1a5e72e7fe98ed4676998711f1a72105', 49, 'L', '2018/2019', 'off'),
('1512011', 'mahasiswa o', '9fe609bcadf1434b06781c441b46fb30', 49, 'P', '2018/2019', 'off'),
('1512012', 'mahasiswa p', 'af284e7b2d9e2230c3af00065394df53', 49, 'P', '2018/2019', 'off'),
('1512013', 'mahasiswa q', '26d6e896db39edc7d7bdd357d6984c95', 49, 'L', '2018/2019', 'off'),
('1512014', 'mahasiswa r', '2e3920edb63334aed42ba5ac629c7a0c', 49, 'P', '2018/2019', 'off'),
('1512015', 'mahasiswa s', '9592d14fa5ade77fb6fb33eceb6c774c', 49, 'L', '2018/2019', 'off'),
('1512016', 'mahasiswa t', 'eb2f06aa9fb328528610de5f5811e970', 49, 'L', '2018/2019', 'off'),
('1512017', 'mahasiswa u', '1fd694aafd80e5a670571757c788144c', 49, 'L', '2018/2019', 'off'),
('1512018', 'mahasiswa v', '75ff5646dd73e49fa7cb7c31b59a5f93', 49, 'P', '2018/2019', 'off'),
('1512019', 'mahasiswa w', 'a0c6cdeb03b673a665c399de493e2ce1', 49, 'P', '2018/2019', 'off'),
('1512020', 'mahasiswa x', '4ab405fd431ac45ed63a685c4d8343d6', 49, 'P', '2018/2019', 'off'),
('1512021', 'mahasiswa y', '40ed957abc6634f6666369807f93a6bc', 49, 'L', '2018/2019', 'off'),
('1512022', 'yovie fesya pratama', 'f11a37d6283a36ec3eb03dc3c21d175a', 49, 'L', '2018/2019', 'off'),
('1512023', 'islakhun nur dzaki', '84e84e64de4a04a1b46dd1ea6acb9c45', 49, 'L', '2018/2019', 'off'),
('1512024', 'nur rahmat dwi', 'cfa7ba4ddebc9c4267cd01a9a2613e21', 49, 'L', '2018/2019', 'off'),
('1512025', 'dwi ngafifudin', '29a7527ad45d95724febf206a67a860e', 49, 'L', '2018/2019', 'off'),
('1512026', 'desi rahmawati', '1891d2e8a0808f521a6c33c8f8f34e25', 49, 'P', '2018/2019', 'off'),
('1512027', 'dian lestari', '79851a93f74edaef825d946a623e6237', 49, 'P', '2018/2019', 'off'),
('1512028', 'alif lutfi', '805e73c26fa0f9594340e93a8ffd19fd', 49, 'L', '2018/2019', 'off'),
('1512029', 'bertus', 'c08e0f1e5617769484c194d3883a4406', 49, 'L', '2018/2019', 'off'),
('1512030', 'noto setyo p', 'f9a442c5dc2c53cac406bd330c16a63b', 49, 'L', '2018/2019', 'off'),
('1512031', 'ahmad yahya', '6fc5fefdebac4ab0541be99b3b0545a0', 49, 'L', '2018/2019', 'off'),
('1512032', 'ghani fadia m', '7ff6f4792d2c7c715ac44b12d3350f9b', 49, 'L', '2018/2019', 'off'),
('1512033', 'aurelia rahma', '4251f1a0747ba930f312115eb9eb1d86', 49, 'P', '2018/2019', 'off'),
('1512034', 'cahaya uzla', '9dcbe0e1cebd29ca4b1ef63f5f9ab3c1', 49, 'P', '2018/2019', 'off'),
('1512035', 'regi ripta', 'f6343a23d2a8506c40809ece35522f6e', 49, 'P', '2018/2019', 'off'),
('1512036', 'ana rofiqoh', '0ea86f3b950856a0b487582effbb1c8c', 49, 'P', '2018/2019', 'off'),
('1512037', 'rizky algi', 'e3344728778da3bfda416fe3d72dbc8b', 49, 'L', '2018/2019', 'off'),
('1512038', 'rizky ', '7b48b3635edba7d06c31d809eb7fcfb9', 49, 'L', '2018/2019', 'off'),
('1512039', 'fahrul rosi', '02a9c743c4c9fbbaa42aa2113a3a0868', 49, 'L', '2018/2019', 'off'),
('1512040', 'dimas wahyu', '63db35e3b7dc82453eb80db53c39d8a2', 49, 'L', '2018/2019', 'off'),
('1512041', 'fitri', '3da45cc0577d335b149859ddf7372066', 49, 'P', '2018/2019', 'off'),
('1512042', 'windy', '424a7887ca05e4a2ed9641e4d1a73a23', 49, 'P', '2018/2019', 'off'),
('1512043', 'bobo', '9914901c4ddec5f6eccd559d23c91d79', 49, 'P', '2018/2019', 'off'),
('1512044', 'joni', '77b1208fda8cb2249b5df40ed93dac33', 49, 'L', '2018/2019', 'off'),
('1512045', 'leni', '4d9ce84a265fb0d1b0898dd5b174843f', 49, 'P', '2018/2019', 'off'),
('1512046', 'annisa', 'c5b838cae8556406a1ca5ca0fe0a9658', 49, 'P', '2018/2019', 'off'),
('1512047', 'kety novianti', '579fb0e40453e47dc9636a1600c9091b', 49, 'P', '2018/2019', 'off'),
('1512048', 'nawasena', '15045efa5ed82885de8268afc2b1c4c1', 49, 'L', '2018/2019', 'off'),
('1512049', 'bagong', '3ee1f5778c76e11c76efe92b3c87c12e', 49, 'L', '2018/2019', 'off'),
('1512050', 'gareng', 'c1e48440745ab840a748fed64fc230a0', 49, 'L', '2018/2019', 'off'),
('1512051', 'petruk', '1172142fbf3cd9dd8748b6358af0b2f9', 49, 'L', '2018/2019', 'off'),
('1512052', 'lesmana', 'b9f1debc884067a3fac15036f7257fe3', 49, 'L', '2018/2019', 'off'),
('1512053', 'anggraeni', 'f008115e20190bc6e6bd9688a93db8ce', 49, 'P', '2018/2019', 'off'),
('1512054', 'eni', 'aae0f0fa109f7dc45d6bbc07f32f54e4', 49, 'P', '2018/2019', 'off'),
('1512055', 'agung', '0ae3b10629b05818fee952f6cab44c33', 49, 'L', '2018/2019', 'off'),
('1512056', 'dodi', '4ef9a2df5a307c0bd5cc853526053dfc', 49, 'L', '2018/2019', 'off'),
('1512057', 'niam', '011ba5e824b2f908a98e41a7f67d4782', 49, 'L', '2018/2019', 'off'),
('1512058', 'adit', '9b4256f4188013010ac3426d7ebadc45', 49, 'L', '2018/2019', 'off'),
('1512059', 'adi purnomo', '85c786cd67d22801563b62a05406e625', 49, 'L', '2018/2019', 'off'),
('1512060', 'rinta setyo', 'd23be3040f215b530a3557199efa722d', 49, 'L', '2018/2019', 'off'),
('1512061', 'ragil setyawan', '7c8b213b01ef04e0f3f166f82ba17f47', 49, 'L', '2018/2019', 'off'),
('1512062', 'Titik Rosiani', 'ceed3f553b3dfb60990399276a4e7ec3', 49, 'P', '2018/2019', 'off'),
('1512063', 'Praditans', '3887cbce9f495032fad9876a9eeb88be', 49, 'P', '2018/2019', 'off'),
('1512064', 'gita', '012a3ec5a339a550e63ae520405a6342', 49, 'P', '2018/2019', 'off'),
('1512065', 'Endra Saputra', '5cce36ad144a53ef6d7d500edfbac39c', 49, 'L', '2018/2019', 'off'),
('1512066', 'Lusiana', '958eb2d9615fad6ad5a0dfb711062aab', 49, 'P', '2018/2019', 'off'),
('1512067', 'Meirza Arif', '6a3414911048e485ea0529fff247e881', 49, 'L', '2018/2019', 'off'),
('1512068', 'Sholehudin', '63873c7a6478744005a96c4431cd92bd', 49, 'L', '2018/2019', 'off'),
('1512069', 'Agustianto', '5548fbebb2e30309f474414f5a81ce2d', 49, 'L', '2018/2019', 'off'),
('1512070', 'Rilas Agung', 'c5a8556ae56bf50d323e81255f72a569', 49, 'L', '2018/2019', 'off'),
('1512071', 'Rizky Agung', 'c29c3e35a739a5eb576864202cf6b35b', 49, 'L', '2018/2019', 'off'),
('1512072', 'Gilang Ramadhan', 'bcb6c6be51bea00b710967612361a851', 49, 'L', '2018/2019', 'off'),
('1512073', 'Yohanes Kristanto', '95bc5c4e746fc8839e41ea899313ab0f', 49, 'L', '2018/2019', 'off'),
('1512074', 'fida', 'c8285dae145f67729c682097e23690ba', 49, 'P', '2018/2019', 'off'),
('1512075', 'inggit', '738b8b118c02262f5371f7763e37c1c8', 49, 'P', '2018/2019', 'off'),
('1512076', 'erlin', '7cafc38f00b8880c4f8b50c3ca37a8c6', 49, 'P', '2018/2019', 'off'),
('1512077', 'bayu putri', 'ffd3c5e349fa5745159deef163b5c253', 49, 'P', '2018/2019', 'off'),
('1512078', 'bayu mahendra', '56728fcd4be383802729c8832392d868', 49, 'L', '2018/2019', 'off'),
('1512079', 'aulia kurna rahman', '72c671c31d77d498d226db8901d93c1e', 49, 'P', '2018/2019', 'off'),
('1512080', 'raras santika dewi', 'cb246ec40dfcee8ef39e1703e0bc73a4', 49, 'P', '2018/2019', 'off'),
('1512081', 'inas', '4328cad21dbcd55f64072a1f6e56f9e4', 49, 'P', '2018/2019', 'off'),
('1512082', 'indit', '7208e5f51c1bee43dd231358e4b3ab68', 49, 'P', '2018/2019', 'off'),
('1512083', 'mia', 'd589ee0dd0bcd25a1777289461d060a0', 49, 'P', '2018/2019', 'off'),
('1512084', 'dinda', '829b89a5bae650b5e863c524ffc69c10', 49, 'P', '2018/2019', 'off'),
('1512085', 'asyifa', '12f2d0c16cdf3ad25fe5a6010342e7d5', 49, 'P', '2018/2019', 'off'),
('1512086', 'devy', '20e7ea6997160b06227ba07aef6564d5', 49, 'P', '2018/2019', 'off'),
('1512087', 'dita', 'ea22a2e279285e692ef114cc20388835', 49, 'P', '2018/2019', 'off'),
('1512088', 'joni', '4a3ac52be6f53dab32bd24244bf7c71c', 49, 'L', '2018/2019', 'off'),
('1512089', 'permadi', '9ebe19ade3d7abb58e8cf8efd2d5c617', 49, 'L', '2018/2019', 'off'),
('1512090', 'arjuna', '22e2a875a6961ba901ce4f4c508fe9fc', 49, 'L', '2018/2019', 'off'),
('1512091', 'bima', '3725fa4f91ac0bfd224034b28d9c4174', 49, 'L', '2018/2019', 'off'),
('1512092', 'yudistira', '2e1b52c7313400626c16023d9df3ecfd', 49, 'L', '2018/2019', 'off'),
('1512093', 'nakula', '8d3ddc09c8c080ccf10709d745631b11', 49, 'L', '2018/2019', 'off'),
('1512094', 'sadewa', '7c2560fc5a46eafeec0b5b9e937dfbdc', 49, 'L', '2018/2019', 'off'),
('1512095', 'arini', 'a461f974083646f064d41ee24bbf629a', 49, 'P', '2018/2019', 'off'),
('1512096', 'arimbi', 'bc02d99b6ac1e367d030a05a587d71e1', 49, 'P', '2018/2019', 'off'),
('1512097', 'kunti', '6031989f7194db654ab22c08c52178de', 49, 'P', '2018/2019', 'off'),
('1512098', 'drupadi', '72a137d36b35e10a25a2a5ca580aebbe', 49, 'P', '2018/2019', 'off'),
('1512099', 'srikandi', '025526b9812a21cc8aeca6a3ea69be97', 49, 'P', '2018/2019', 'off'),
('1512100', 'gatotkaca', 'e365f203b3c4f15ba71eb59d255202e9', 49, 'L', '2018/2019', 'off'),
('1512101', 'wisanggeni', '0900508e704911c0cfc95fdd184b659a', 49, 'L', '2018/2019', 'off'),
('1512102', 'semar', '9835a750c7e47b69c60bdbf662a98624', 49, 'L', '2018/2019', 'off'),
('1512103', 'aqila', '4ae24a4d140e41b7bc227ce6f546ae46', 49, 'P', '2018/2019', 'off'),
('1512104', 'ayunda', 'f08a0a9580575cd231b59e4825e65f6c', 49, 'P', '2018/2019', 'off'),
('1512105', 'AYUNDI', '109dd4ff90b4dd41806961b2ae7bccd4', 49, 'P', '2018/2019', 'off'),
('1512106', 'adli', '0b2a3193d52d8110d196ba5c50545a70', 49, 'L', '2018/2019', 'off'),
('1512107', 'amar', 'd3bf255f781fdac30bd1fc7958539c58', 49, 'L', '2018/2019', 'off'),
('1512108', 'gilang', 'db2138b3dcabb86eedc65c4ba1f6ccce', 49, 'L', '2018/2019', 'off'),
('1512109', 'apip', '12c2b692ce2dfe962a55648b19522f72', 49, 'L', '2018/2019', 'off'),
('1512110', 'gufron', '3c797115809a8571214573736d4b7779', 49, 'L', '2018/2019', 'off'),
('1512111', 'luqni', '47f82a7aff3ba2f13f503e2787baa636', 49, 'L', '2018/2019', 'off'),
('1512112', 'zaldi', 'd7d872da3e970833b900223597ecfed9', 49, 'L', '2018/2019', 'off'),
('1512113', 'zaeni', '43ed899014511998be819c68269f9007', 49, 'L', '2018/2019', 'off'),
('1512114', 'muflih', 'e9abec5e32203998211653b45023be1c', 49, 'L', '2018/2019', 'off'),
('1512115', 'sambas', '12070207105ac7fcd306d6b0b734416a', 49, 'L', '2018/2019', 'off'),
('1512116', 'gunawan', '8f1cea5a1e5209ec252e3bfe4176e5ff', 49, 'L', '2018/2019', 'off'),
('1512117', 'mahasiswa A', '00daab8490424531199e40de5317fc28', 49, 'P', '2018/2019', 'off'),
('1512118', 'mahasiswa B', '1da951b2eb8073cbcb96bfffe9a03e12', 49, 'P', '2018/2019', 'off'),
('1512119', 'mahasiswa c', '9f8b35cf97f2c279e4842a77c6d80910', 49, 'P', '2018/2019', 'off'),
('1512120', 'mahasiswa d', '3d1f1a17db593608f7a3f6daae833c1c', 49, 'L', '2018/2019', 'off'),
('1512121', 'mahasiswa e', 'af104a07db1c3ab7485701fb77c75fe6', 49, 'L', '2018/2019', 'off'),
('1512122', 'mahasiswa f', '69d2ac4f4f519ce77c71c727bf57c3b5', 49, 'L', '2018/2019', 'off'),
('1512123', 'mahasiswa g', '601504ee53f18aa86ce4953240172f14', 49, 'P', '2018/2019', 'off'),
('1512124', 'mahasiswa h', '7ef0baf2120e28dfd8585b7a2ff21510', 49, 'L', '2018/2019', 'off'),
('1512125', 'mahasiswa i', 'db62ec2128db2c79167316f9b6117844', 49, 'P', '2018/2019', 'off'),
('1512126', 'mahasiswa j', '6a5d6e05354ba54671c2f886f7bbb591', 49, 'P', '2018/2019', 'off'),
('1512127', 'mahasiswa k', 'b7a571d8314b4b4ef8a495bedb9e1dff', 49, 'P', '2018/2019', 'off'),
('1512128', 'mahasiswa l', '94fbf1bb3ca0a2bc005ff380d05de07f', 49, 'L', '2018/2019', 'off'),
('1512129', 'mahasiswa m', 'b97d512968c84359bcc088f18fdb18b5', 49, 'L', '2018/2019', 'off'),
('1512130', 'mahasiswa n', '5c4b0faed98be3b06a6fde4d3488d5b9', 49, 'L', '2018/2019', 'off'),
('1512131', 'mahasiswa o', 'f508afaa848fefb2033d262ad7237a5c', 49, 'P', '2018/2019', 'off'),
('1512132', 'mahasiswa p', '303a97d36867ac344fc0f878f2f527c7', 49, 'P', '2018/2019', 'off'),
('1512133', 'mahasiswa q', '954cacef9f104ee7bbdc111a42f72085', 49, 'L', '2018/2019', 'off'),
('1512134', 'mahasiswa r', '17d8acac424d2bb3129cea3e991ce9fb', 49, 'P', '2018/2019', 'off'),
('1512135', 'mahasiswa s', '5f2c6e608adfbce40a481c07012ba17c', 49, 'L', '2018/2019', 'off'),
('1512136', 'mahasiswa t', 'e53670c100d0b18f37f592e637f681df', 49, 'L', '2018/2019', 'off'),
('1512137', 'mahasiswa u', 'c25aee8620b5ff6f8a8471967e3a90f5', 49, 'L', '2018/2019', 'off'),
('1512138', 'mahasiswa v', '611909c497687a3f66cba2e600f45737', 49, 'P', '2018/2019', 'off'),
('1512139', 'mahasiswa w', '99356b971a8179c72ae18a4e8ff9ce17', 49, 'P', '2018/2019', 'off'),
('1512140', 'mahasiswa x', '8ce609ffdb4e5fa2dd907c7d147aa459', 49, 'P', '2018/2019', 'off'),
('1512141', 'mahasiswa y', 'e8cfdcbbcc4db6901f14be2eb312aae7', 49, 'L', '2018/2019', 'off'),
('1512142', 'yovie fesya pratama', '17c95fa6d15318fd882d7644b748d8e5', 49, 'L', '2018/2019', 'off'),
('1512143', 'islakhun nur dzaki', '0a1355495a006fc28c01b5f270dea07f', 49, 'L', '2018/2019', 'off'),
('1512144', 'nur rahmat dwi', 'b80419d1236b098662494f4759a8ca5f', 49, 'L', '2018/2019', 'off'),
('1512145', 'dwi ngafifudin', '543d47f350b89af8917562755d145f01', 49, 'L', '2018/2019', 'off'),
('1512146', 'desi rahmawati', '35dbc135fb710f167280f95a61808a69', 49, 'P', '2018/2019', 'off'),
('1512147', 'dian lestari', '0b71709bf00b6ff2972a2d9c3d75272e', 49, 'P', '2018/2019', 'off'),
('1512148', 'alif lutfi', '70c4bbc1720669e1171197282a706786', 49, 'L', '2018/2019', 'off'),
('1512149', 'bertus', '1a5fede8c786da76b68aeba5e935eaee', 49, 'L', '2018/2019', 'off'),
('1512150', 'noto setyo p', '9629681c6caa1df078a1eb7260255e40', 49, 'L', '2018/2019', 'off'),
('1512151', 'ahmad yahya', '2015b753afc104229abf9dd87c7fb83c', 49, 'L', '2018/2019', 'off'),
('1512152', 'ghani fadia m', '21ebee330c7b0989a9e44692587e7eed', 49, 'L', '2018/2019', 'off'),
('1512153', 'aurelia rahma', 'ed9155bd1645a832ebc14be26c689620', 49, 'P', '2018/2019', 'off'),
('1512154', 'cahaya uzla', 'a6f9bb44aaa3761a055f89e209bdd653', 49, 'P', '2018/2019', 'off'),
('1512155', 'regi ripta', '5221d55d1cfe37a3684a90ffa1fdb07e', 49, 'P', '2018/2019', 'off'),
('1512156', 'ana rofiqoh', '081f0629e8c07808b8597cab5d607ebc', 49, 'P', '2018/2019', 'off'),
('1512157', 'rizky algi', '9d0342cb86e7d7d37b257e1f3058cb7e', 49, 'L', '2018/2019', 'off'),
('1512158', 'rizky ', 'fb85361523274f4c3d6edf6edfe369d8', 49, 'L', '2018/2019', 'off'),
('1512159', 'fahrul rosi', '3f81aa7e0141538bbdcb66751339c322', 49, 'L', '2018/2019', 'off'),
('1512160', 'dimas wahyu', '1bd665e132858240a9faa9f70acc0747', 49, 'L', '2018/2019', 'off'),
('1512161', 'fitri', 'ceb5fe71b4b146bee62176a769ae3a7f', 49, 'P', '2018/2019', 'off'),
('1411001', 'yovie fesya pratama', 'f93ac42f641310ed887c78a4faea4d42', 3, 'L', '2017/2018', 'login'),
('1411002', 'islakhun nur dzaki', 'f7019183023853c23d6a30d6ba0f228c', 3, 'L', '2017/2018', 'off'),
('1411003', 'nur rahmat dwi', 'd9ff1bc3e06e17c5e5b0f9b946d7b15f', 3, 'L', '2017/2018', 'off'),
('1411004', 'dwi ngafifudin', '29004d2b171dd52e66cbdbd79e861031', 3, 'L', '2017/2018', 'off'),
('1411005', 'desi rahmawati', 'c77fd03bcbe26dbea554f10028316ed4', 3, 'P', '2017/2018', 'off'),
('1411006', 'dian lestari', 'bec71fb68a086742a223560073cad92e', 3, 'P', '2017/2018', 'off'),
('1411007', 'alif lutfi', 'ab6ced440ce0068dc6b54713714a7a35', 3, 'L', '2017/2018', 'off'),
('1411008', 'bertus', '4d414b725042041113333bc070df918d', 3, 'L', '2017/2018', 'off'),
('1411009', 'noto setyo p', '2610f04e95bb4383fabb3074c46d58a3', 3, 'L', '2017/2018', 'off'),
('1411010', 'ahmad yahya', 'ec04d7d1c9f385eeeb4c08c21894a7b7', 3, 'L', '2017/2018', 'off'),
('1411011', 'ghani fadia m', '566f851b45a842f6ba36149319fe55e1', 3, 'L', '2017/2018', 'off'),
('1411012', 'aurelia rahma', '488b09f79124f4b974a65deb6706e049', 3, 'P', '2017/2018', 'off'),
('1411013', 'cahaya uzla', 'f27900e3a5e66fea7b0ea0453e91b5bb', 3, 'P', '2017/2018', 'off'),
('1411014', 'regi ripta', '73dab2a6a1d5b6989710adece08d4a2e', 3, 'P', '2017/2018', 'off'),
('1411015', 'ana rofiqoh', '40e5089fcc415d0f34ba9cfd57701798', 3, 'P', '2017/2018', 'off'),
('1411016', 'rizky algi', 'fc1a323ec200022074f4933a444b4586', 3, 'L', '2017/2018', 'off'),
('1411017', 'rizky ', '35869bee9e1e461353c4976dba024606', 3, 'L', '2017/2018', 'off'),
('1411018', 'fahrul rosi', '11b6564e39a738bf1dffe489d297a691', 3, 'L', '2017/2018', 'off'),
('1411019', 'dimas wahyu', 'c198967f6d7a94ebf207a144b3cab11e', 3, 'L', '2017/2018', 'off'),
('1411020', 'fitri', '2e75b1b8172f88e2c1379dc792adc907', 3, 'P', '2017/2018', 'off'),
('1411021', 'windy', '9011e393ceab71481f724397006ba15a', 3, 'P', '2017/2018', 'off'),
('1411022', 'bobo', '8ab2ace007bc485282e8af523c5dc364', 3, 'P', '2017/2018', 'off'),
('1411023', 'joni', '05911ed44c3332a4a6eba8304ae633b3', 3, 'L', '2017/2018', 'off'),
('1411024', 'leni', '7a101993c0712d89898c4d4addb5ba9d', 3, 'P', '2017/2018', 'off'),
('1411025', 'annisa', 'abcb2d00d52edcbacad01e421307fe91', 3, 'P', '2017/2018', 'off'),
('1411026', 'kety novianti', '01bb7640c7d57a745601e308187da5b0', 3, 'P', '2017/2018', 'off'),
('1411027', 'nawasena', 'f113463efa1f4a5fc9998fd292ba4a4e', 3, 'L', '2017/2018', 'off'),
('1411028', 'bagong', '43ad83a319f7bc6e4823e334ecb15921', 3, 'L', '2017/2018', 'off'),
('1411029', 'gareng', 'cc825590f4d0ff88d1fbaf7cdb985138', 3, 'L', '2017/2018', 'off'),
('1411030', 'petruk', '78b3a81fa8c71ebc25aedfd5e33ebecf', 3, 'L', '2017/2018', 'off'),
('1411031', 'lesmana', 'b0886dc003c68aa94874914ea12a4d31', 3, 'L', '2017/2018', 'off'),
('1411032', 'anggraeni', '1f762f53eb92fa1259f0223a7c332788', 3, 'P', '2017/2018', 'off'),
('1411033', 'eni', 'bdb6b511037dead4fd1ff202ec2d184b', 3, 'P', '2017/2018', 'off'),
('1411034', 'agung', 'ff9f336fa692ff19b0a402b42fd2cbaa', 3, 'L', '2017/2018', 'off'),
('1411035', 'dodi', '4a0b2b3123f6db0167717b63af0094e5', 3, 'L', '2017/2018', 'off'),
('1411036', 'niam', '5488259bef2e1e890d0da3ba2761d182', 3, 'L', '2017/2018', 'off'),
('1411037', 'adit', 'f99536f277d2a36ab9542996a1296d63', 3, 'L', '2017/2018', 'off'),
('1411038', 'adi purnomo', 'b5176d51e98138d1ae0880cafa6e8067', 3, 'L', '2017/2018', 'off'),
('1411039', 'rinta setyo', '7f647966228c1d05c11042dc9a57fd3d', 3, 'L', '2017/2018', 'off'),
('1411040', 'ragil setyawan', '9be7edfe6e7305dbfcb4c20ba925687e', 3, 'L', '2017/2018', 'off'),
('1411041', 'Titik Rosiani', '9691fc320b032333892ed11af3064708', 3, 'P', '2017/2018', 'off'),
('1411042', 'Praditans', '85ec2886cf82792de58071f462c90f97', 3, 'P', '2017/2018', 'off'),
('1411043', 'gita', 'c4f5b7feb318915ec1486dca05e61da6', 3, 'P', '2017/2018', 'off'),
('1411044', 'Endra Saputra', 'dbdc348da569d903ff588316b6140f6d', 3, 'L', '2017/2018', 'off'),
('1411045', 'Lusiana', '775eb2caf15f2a9020265ced54ea6537', 3, 'P', '2017/2018', 'off'),
('1411046', 'Meirza Arif', '5bb0c3226a9a0b4c6d082500c68e39bb', 3, 'L', '2017/2018', 'off'),
('1411047', 'Sholehudin', '8416e1d85f668abda8594aaf35f12237', 3, 'L', '2017/2018', 'off'),
('1411048', 'Agustianto', '1814a1292c23b0e6ab2c741e7cfc0127', 3, 'L', '2017/2018', 'off'),
('1411049', 'Rilas Agung', '34ed8a1048d54082c2275948495ed343', 3, 'L', '2017/2018', 'off'),
('1411050', 'Rizky Agung', 'da43902ef3522b8c69f1ba560f0f935f', 3, 'L', '2017/2018', 'off'),
('1411051', 'Gilang Ramadhan', '2d9d715aa2e4c33067e89ae7a6454821', 3, 'L', '2017/2018', 'off'),
('1411052', 'Yohanes Kristanto', '430ac179f372e05f686b1feef7790271', 3, 'L', '2017/2018', 'off'),
('1411053', 'fida', 'bdb63d9bb063071304de83a2a1fe92f5', 3, 'P', '2017/2018', 'off'),
('1411054', 'inggit', 'ca20e1d8e1d19a92fbfc28f0b467dd5b', 3, 'P', '2017/2018', 'off'),
('1411055', 'erlin', '225bc22df1accf8633bb4affc13045ef', 3, 'P', '2017/2018', 'off'),
('1411056', 'bayu putri', '98b2b7a8e48714ce22ce544af2087232', 3, 'P', '2017/2018', 'off'),
('1411057', 'bayu mahendra', '2ae2fadf96333f3de94a3cc91129a1a0', 3, 'L', '2017/2018', 'off'),
('1411058', 'aulia kurna rahman', '8e0f5a9efbf3ad58606380abe0decf95', 3, 'P', '2017/2018', 'off'),
('1411059', 'raras santika dewi', '5a0699dfd4598a4ccfd3d658505945d0', 3, 'P', '2017/2018', 'off'),
('1411060', 'inas', '07d17adb665b4ff5285f1d675e16d93b', 3, 'P', '2017/2018', 'off'),
('1411061', 'indit', '9bd3020cfb27603508e5e1de888eb00c', 3, 'P', '2017/2018', 'off'),
('1411062', 'mia', '0d02f724df35d75968c2ead361148e81', 3, 'P', '2017/2018', 'off'),
('1411063', 'dinda', '5d1d605c7e9d9a816ac3989e0db49c29', 3, 'P', '2017/2018', 'off'),
('1411064', 'asyifa', '3b80f9bfc7c2a65402b1b9dea0e4ea5c', 3, 'P', '2017/2018', 'off'),
('1411065', 'devy', 'e604eb589104160664778a931a893ae7', 3, 'P', '2017/2018', 'off'),
('1411066', 'dita', '1253af2e8139fc5b157a33d2f697ba47', 3, 'P', '2017/2018', 'off'),
('1411067', 'joni', '3da204788e354fa489e9bd03b15ce1c5', 3, 'L', '2017/2018', 'off'),
('1411068', 'permadi', '28a843a762e881fe72d1b82cc83ed777', 3, 'L', '2017/2018', 'off'),
('1411069', 'arjuna', '49d6fffbeda082c95e482759edeb7933', 3, 'L', '2017/2018', 'off'),
('1411070', 'bima', '6737989f525e024c1f7630723f394535', 3, 'L', '2017/2018', 'off'),
('1411071', 'yudistira', 'f7ad8119c2f683888f05d6f4e3af96fd', 3, 'L', '2017/2018', 'off'),
('1411072', 'nakula', '0b11f312b41771c0f501ad4b19abb9b5', 3, 'L', '2017/2018', 'off'),
('1411073', 'sadewa', '187bcd6c0c838d845d6adbb3138fcc49', 3, 'L', '2017/2018', 'off'),
('1411074', 'arini', '453967200e1a3da44c065d694e98a58b', 3, 'P', '2017/2018', 'off'),
('1411075', 'arimbi', '7753bf02201ac67b9bbf5357bc314bf6', 3, 'P', '2017/2018', 'off'),
('1411076', 'kunti', '1b22b34ad42cfb8f68291d86d4974a30', 3, 'P', '2017/2018', 'off'),
('1411077', 'drupadi', '8b48a57422b76904b5c3ecde9d4af512', 3, 'P', '2017/2018', 'off'),
('1411078', 'srikandi', 'e1a0b024a1501d17bfb5d768cb85f9b6', 3, 'P', '2017/2018', 'off'),
('1411079', 'gatotkaca', '5c7e1dc23b11f35053909321f890dc52', 3, 'L', '2017/2018', 'off'),
('1411080', 'wisanggeni', 'ef949a6ff1a6458d515372dfca9db109', 3, 'L', '2017/2018', 'off'),
('1411081', 'semar', '37448c57b113b9e104fa2ddfeed2da35', 3, 'L', '2017/2018', 'off'),
('1411082', 'aqila', 'ad15be24d2aed87c5772e07024789b76', 3, 'P', '2017/2018', 'off'),
('1411083', 'ayunda', '14941db821b4317ed5134f7e33055c83', 3, 'P', '2017/2018', 'off'),
('1411084', 'AYUNDI', '5769b23a5e8085231e5b159684b93f5c', 3, 'P', '2017/2018', 'off'),
('1411085', 'adli', 'fcae34846268c6dd4d87ad939d5b3d09', 3, 'L', '2017/2018', 'off'),
('1411086', 'amar', '62f64dbb81f59232a6c81eb88f6dacdf', 3, 'L', '2017/2018', 'off'),
('1411087', 'gilang', '828cee1c25ec0fc593a9cb9f653f67a6', 3, 'L', '2017/2018', 'off'),
('1411088', 'apip', '1b45affc87d7ca0bc40345371ec2dbf7', 3, 'L', '2017/2018', 'off'),
('1411089', 'gufron', 'b1dfb8206b5652176cd82ab699a68295', 3, 'L', '2017/2018', 'off'),
('1411090', 'luqni', '5d9e3acc1d126ff51f655be512483887', 3, 'L', '2017/2018', 'off'),
('1411091', 'zaldi', 'f2287d69859e1d5b66f5e347bdab965d', 3, 'L', '2017/2018', 'off'),
('1411092', 'zaeni', 'e77bd24597e5724cbefac4826638e6ee', 3, 'L', '2017/2018', 'off'),
('1411093', 'muflih', '62ec6dd94a39466d92b7983686deb288', 3, 'L', '2017/2018', 'off'),
('1411094', 'sambas', '4beff3b92588df33345e144dc93b5f19', 3, 'L', '2017/2018', 'off'),
('1411095', 'gunawan', '2cd1034a29f8b20bec5dd9a7f590669e', 3, 'L', '2017/2018', 'off'),
('1411096', 'mahasiswa A', '8be11ffb302c5bc40eda1b363a0464fa', 3, 'P', '2017/2018', 'off'),
('1411097', 'mahasiswa B', '9aad48cde252c6f428f5e7bff24fd0fb', 3, 'P', '2017/2018', 'off'),
('1411098', 'mahasiswa c', 'fc5b7f262ff28dc21076c5b3dd4498b4', 3, 'P', '2017/2018', 'off'),
('1411099', 'mahasiswa d', '9a0ee3db621740e6fd54c3f63253dbae', 3, 'L', '2017/2018', 'off'),
('1411100', 'mahasiswa e', '0db539d1d9ed3969120b0dba2f97b93e', 3, 'L', '2017/2018', 'off'),
('1411101', 'mahasiswa f', '2aba7093741e4c5df30672a348eae5d1', 3, 'L', '2017/2018', 'off'),
('1411102', 'mahasiswa g', '44de9ef72febf944cacdc3089fd00704', 3, 'P', '2017/2018', 'off'),
('1411103', 'mahasiswa h', '1bb700d747ce211f011aeb177c4adab4', 3, 'L', '2017/2018', 'off'),
('1411104', 'mahasiswa i', 'baa9e5e620163c4ef0db54cdffc5acf2', 3, 'P', '2017/2018', 'off'),
('1411105', 'mahasiswa j', '821672f7fdca070fa8ff017786af2241', 3, 'P', '2017/2018', 'off'),
('1411106', 'mahasiswa k', '4b0b26a6e7ddd21778a684ba40064dac', 3, 'P', '2017/2018', 'off'),
('1411107', 'mahasiswa l', '856d12d9cbd5dc6383cffc7d0debece5', 3, 'L', '2017/2018', 'off'),
('1411108', 'mahasiswa m', 'edc6bdce160f4ac44fbde5f497d3e5da', 3, 'L', '2017/2018', 'off'),
('1411109', 'mahasiswa n', '8f21fc2100ba2a29ec9ec32110cb29ca', 3, 'L', '2017/2018', 'off'),
('1411110', 'mahasiswa o', 'd07030bf4f79fdb47561d1d6d70828bc', 3, 'P', '2017/2018', 'off'),
('1411111', 'mahasiswa p', 'a9ba91046c0179f0e923b518eec11dbc', 3, 'P', '2017/2018', 'off'),
('1411112', 'mahasiswa q', '78a324bc8cbeb2e5c7efc494b95d0ffb', 3, 'L', '2017/2018', 'off'),
('1411113', 'mahasiswa r', 'bbecf15cf7fb6133f4bf164accb73b84', 3, 'P', '2017/2018', 'off'),
('1411114', 'mahasiswa s', '7974ba0a3741bfe53a23091568b6d670', 3, 'L', '2017/2018', 'off'),
('1411115', 'mahasiswa t', '53ed4a760b85cb47203bb68d678cf843', 3, 'L', '2017/2018', 'off'),
('1411116', 'mahasiswa u', '8c68461fe71296fb854c155d918e75b5', 3, 'L', '2017/2018', 'off'),
('1411117', 'mahasiswa v', '6b9078e711a7f6875bcd0122e285b0c0', 3, 'P', '2017/2018', 'off'),
('1411118', 'mahasiswa w', '9c5a1130751b3f12f21c0957cf57a4bc', 3, 'P', '2017/2018', 'off'),
('1411119', 'mahasiswa x', '5215ac78ac063bd54c86c7e92e675847', 3, 'P', '2017/2018', 'off'),
('1411120', 'mahasiswa y', '18984c7d67e16b745296805179a03dbc', 3, 'L', '2017/2018', 'off');

-- --------------------------------------------------------

--
-- Struktur dari tabel `soal`
--

CREATE TABLE `soal` (
  `id_soal` int(5) NOT NULL,
  `id_ujian` int(5) NOT NULL,
  `soal` text NOT NULL,
  `pilihan_1` text NOT NULL,
  `pilihan_2` text NOT NULL,
  `pilihan_3` text NOT NULL,
  `pilihan_4` text NOT NULL,
  `kunci` int(2) NOT NULL,
  `kunci2` int(2) NOT NULL,
  `kunci3` int(2) NOT NULL,
  `kunci4` int(2) NOT NULL,
  `urut` int(5) NOT NULL
) ENGINE=MyISAM DEFAULT CHARSET=latin1;

--
-- Dumping data untuk tabel `soal`
--

INSERT INTO `soal` (`id_soal`, `id_ujian`, `soal`, `pilihan_1`, `pilihan_2`, `pilihan_3`, `pilihan_4`, `kunci`, `kunci2`, `kunci3`, `kunci4`, `urut`) VALUES
(119, 0, '<p>Mana yang sesuai dengan diri anda....</p>', '<p>penuh semangat</p>', '<p>pandai bergaul</p>', '<p>tidak mudah cemas akan segala sesuatu</p>', '<p>bertingkah laku baik / &nbsp;bersikap sewajarnya</p>', 1, 2, 3, 4, 0),
(118, 0, '<p>mana yang tidak sesuai dengan diri anda....</p>', '<p>suka berdebat</p>', '<p>berwatak gembira</p>', '<p>tidak terlalu serius</p>', '<p>mengerjakan sesuatu dengan perintah</p>', 1, 2, 3, 4, 0),
(116, 0, '<p>Mana yang sesuai dengan diri anda....</p>', '<p>bertekad mencapai hasil</p>', '<p>menunjukan penghargaan</p>', '<p>baik hati</p>', '<p>pasrah</p>', 1, 2, 3, 4, 0),
(117, 0, '<p>Mana yang tidak sesuai dengan diri anda....</p>', '<p>suka mengambil kesempatan</p>', '<p>selalu berpikir positif</p>', '<p>mengerjakan sesuatu untuk sesama</p>', '<p>menunjukan rasa hormat</p>', 1, 2, 3, 4, 0),
(115, 0, '<p>Mana yang tidak sesuai dengan diri anda....</p>', '<p>menyelesaikan tugas</p>', '<p>ceria</p>', '<p>bersedia berbagi dengan orang lain</p>', '<p>patuh pada peraturan</p>', 1, 2, 3, 4, 0),
(114, 0, '<p>Mana yang tidak sesuai dengan diri anda....</p>', '<p>berani mempertahankan hak</p>', '<p>percaya pada kemampuan diri sendiri</p>', '<p>prihatin terhadap sesama</p>', '<p>penuh perhatian terhadap sesama</p>', 1, 2, 3, 4, 0),
(113, 0, '<p>Mana yang sesuai dengan diri anda....</p>', '<p>bersemangat</p>', '<p>berkeinginan kuat</p>', '<p>bersedia membantu orang lain</p>', '<p>mudah menyetujui / penurut</p>', 1, 2, 3, 4, 0),
(112, 0, '<p>Mana yang tidak sesuai dengan diri anda...</p>', '<p>siaga / siap berbuat sesuatu</p>', '<p>dapat meyakinkan orang lain terhadap pandangannya</p>', '<p>berkemauan keras / bersungguh-sungguh</p>', '<p>menghindari kesulitan</p>', 1, 2, 3, 4, 0),
(111, 0, '<p>Mana yang tidak sesuai dengan diri anda...</p>', '<p>memaksa diri berbuat sesuatu</p>', '<p>periang</p>', '<p>mudah memanfaatkan peluang</p>', '<p>takut mengambil keputusan</p>', 1, 2, 3, 4, 0),
(109, 0, '<p>Mana yang tidak sesuai dengan diri anda....</p>', '<p>suka mengambil keputusan</p>', '<p>suka berbicara</p>', '<p>pengendalian diri</p>', '<p>bekerja sesuai dengan kebiasaan</p>', 1, 2, 3, 4, 0),
(110, 0, '<p>Mana yang tidak sesuai dengan diri anda....</p>', '<p>Pemberani</p>', '<p>bertata krama</p>', '<p>merasa puas</p>', '<p>hati - hati untuk tidak menyakiti orang lain</p>', 1, 2, 3, 4, 0),
(108, 0, '<p>Mana yang sesuai dengan diri anda....</p>', '<p>mau mengambil resiko</p>', '<p>baik dan tulus hati</p>', '<p>tenang</p>', '<p>mudah menerima saran</p>', 1, 2, 3, 4, 0),
(107, 0, '<p>Mana yang tidak sesuai dengan anda....</p>', '<p>tergantung pada diri sendiri, mandiri</p>', '<p>suka bergaul dan bersahabat</p>', '<p>dapat menunggu dengan sabar</p>', '<p>berbicara dengan lembut</p>', 1, 2, 3, 4, 0),
(105, 0, '<p>Mana yang sesuai dengan anda...</p>', '<p>ingin selalu menang</p>', '<p>suka bergurau</p>', '<p>patuh pada perintah</p>', '<p>ingin segalanya tepat dan akurat</p>', 1, 2, 3, 4, 0),
(106, 0, '<p>Mana yang sesuai dengan anda....</p>', '<p>ingin selalu menang</p>', '<p>suka bergurau</p>', '<p>patuh pada perintah</p>', '<p>ingin segalanya tepat dan akurat</p>', 1, 2, 3, 4, 0),
(104, 0, '<p>Mana yang tidak sesuai dengan anda....</p>', '<p>menyukai tantangan</p>', '<p>menyenangkan hati / riang gembira</p>', '<p>penuh pemikiran / perhatian</p>', '<p>mudah bergaul</p>', 1, 2, 3, 4, 0),
(103, 0, '<p>Mana yang tidak sesuai dengan diri anda...</p>', '<p>memiliki keberanian</p>', '<p>suka menyenangkan orang lain</p>', '<p>tidak mudah kecewa</p>', '<p>bekerja dengan tepat dan cermat</p>', 1, 2, 3, 4, 0),
(102, 0, '<p>mana yang tidak sesuai dengan diri anda....</p>', '<p>pantang menyerah</p>', '<p>periang</p>', '<p>berusaha menyenangkan orang lain</p>', '<p>mau menerima gagasan baru</p>', 1, 2, 3, 4, 0),
(100, 0, '<p>Mana yang tidak sesuai dengan diri anda...</p>', '<p>suka pada gagasan sendiri</p>', '<p>ramah kepada orang lain</p>', '<p>baik hati</p>', '<p>mau berkejasama</p>', 1, 2, 3, 4, 0),
(101, 0, '<p>Mana yang sesuai dengan diri anda...</p>', '<p>berani</p>', '<p>ramah dan menyenangkan</p>', '<p>dapat diandalkan</p>', '<p>mengikuti gagasan orang lain</p>', 1, 2, 3, 4, 0),
(99, 0, '<p>Mana yang sesuai dengan diri anda...</p>', '<p>mengerjakan sesuatu secara berbeda</p>', '<p>dapat memperngaruhi orang lain untuk setuju</p>', '<p>lemah lembut</p>', '<p>malu</p>', 1, 2, 3, 4, 0),
(120, 0, '<p>Mana yang tidak sesuai dengan diri anda...</p>', '<p>mengatakan apa yang dipikirkan</p>', '<p>suka berkawan</p>', '<p>berhati-hati untuk tidak terlibat</p>', '<p>ingin segala sesuatu berjalan dengan benar</p>', 1, 2, 3, 4, 0),
(121, 0, '<p>Mana yang sesuai dengan diri anda....</p>', '<p>mudah merasa bosan&nbsp;</p>', '<p>ingin disukai</p>', '<p>senang membantu teman</p>', '<p>berusaha mengerjakan apa yang diperintahkan</p>', 1, 2, 3, 4, 0),
(122, 0, '<p>Mana yang tidak sesuai dengan diri anda...</p>', '<p>bersikap baik pada orang lain</p>', '<p>percaya pada orang lain</p>', '<p>puas terhadapa diri sendiri</p>', '<p>tidak suka bersilang pendapat / berdebat</p>', 1, 2, 3, 4, 0);

-- --------------------------------------------------------

--
-- Struktur dari tabel `ujian`
--

CREATE TABLE `ujian` (
  `id_ujian` int(5) NOT NULL,
  `judul` varchar(50) NOT NULL,
  `tanggal` date NOT NULL,
  `waktu` int(5) NOT NULL,
  `jml_soal` int(3) NOT NULL,
  `id_user` int(5) NOT NULL
) ENGINE=MyISAM DEFAULT CHARSET=latin1;

--
-- Dumping data untuk tabel `ujian`
--

INSERT INTO `ujian` (`id_ujian`, `judul`, `tanggal`, `waktu`, `jml_soal`, `id_user`) VALUES
(1, 'Ujian Psikotes 2', '0000-00-00', 10, 10, 0);

-- --------------------------------------------------------

--
-- Struktur dari tabel `user`
--

CREATE TABLE `user` (
  `id_user` int(5) NOT NULL,
  `nama` varchar(50) NOT NULL,
  `username` varchar(50) NOT NULL,
  `password` varchar(50) DEFAULT NULL,
  `level` varchar(20) NOT NULL
) ENGINE=MyISAM DEFAULT CHARSET=latin1;

--
-- Dumping data untuk tabel `user`
--

INSERT INTO `user` (`id_user`, `nama`, `username`, `password`, `level`) VALUES
(8, 'dita', 'dita', 'e6b047aa9378bce37a5260a949d1ea3e', 'operator'),
(1, 'Administrator', 'admin', '21232f297a57a5a743894a0e4a801fc3', 'admin'),
(9, 'dita1', 'dita1', 'e6b047aa9378bce37a5260a949d1ea3e', 'guru');

--
-- Indexes for dumped tables
--

--
-- Indeks untuk tabel `kelas`
--
ALTER TABLE `kelas`
  ADD PRIMARY KEY (`id_kelas`);

--
-- Indeks untuk tabel `kelompok`
--
ALTER TABLE `kelompok`
  ADD PRIMARY KEY (`id`);

--
-- Indeks untuk tabel `kel_laki`
--
ALTER TABLE `kel_laki`
  ADD PRIMARY KEY (`id`);

--
-- Indeks untuk tabel `kel_perempuan`
--
ALTER TABLE `kel_perempuan`
  ADD PRIMARY KEY (`id`);

--
-- Indeks untuk tabel `nilai`
--
ALTER TABLE `nilai`
  ADD PRIMARY KEY (`id_nilai`);

--
-- Indeks untuk tabel `penampung_c`
--
ALTER TABLE `penampung_c`
  ADD PRIMARY KEY (`id`);

--
-- Indeks untuk tabel `penampung_d`
--
ALTER TABLE `penampung_d`
  ADD PRIMARY KEY (`id`);

--
-- Indeks untuk tabel `penampung_i`
--
ALTER TABLE `penampung_i`
  ADD PRIMARY KEY (`id`);

--
-- Indeks untuk tabel `penampung_s`
--
ALTER TABLE `penampung_s`
  ADD PRIMARY KEY (`id`);

--
-- Indeks untuk tabel `periode`
--
ALTER TABLE `periode`
  ADD PRIMARY KEY (`id`);

--
-- Indeks untuk tabel `siswa`
--
ALTER TABLE `siswa`
  ADD PRIMARY KEY (`nim`);

--
-- Indeks untuk tabel `soal`
--
ALTER TABLE `soal`
  ADD PRIMARY KEY (`id_soal`);

--
-- Indeks untuk tabel `ujian`
--
ALTER TABLE `ujian`
  ADD PRIMARY KEY (`id_ujian`);

--
-- Indeks untuk tabel `user`
--
ALTER TABLE `user`
  ADD PRIMARY KEY (`id_user`);

--
-- AUTO_INCREMENT untuk tabel yang dibuang
--

--
-- AUTO_INCREMENT untuk tabel `kelas`
--
ALTER TABLE `kelas`
  MODIFY `id_kelas` int(5) NOT NULL AUTO_INCREMENT, AUTO_INCREMENT=57;

--
-- AUTO_INCREMENT untuk tabel `kelompok`
--
ALTER TABLE `kelompok`
  MODIFY `id` int(11) NOT NULL AUTO_INCREMENT, AUTO_INCREMENT=4050;

--
-- AUTO_INCREMENT untuk tabel `kel_laki`
--
ALTER TABLE `kel_laki`
  MODIFY `id` int(11) NOT NULL AUTO_INCREMENT, AUTO_INCREMENT=3119;

--
-- AUTO_INCREMENT untuk tabel `kel_perempuan`
--
ALTER TABLE `kel_perempuan`
  MODIFY `id` int(11) NOT NULL AUTO_INCREMENT;

--
-- AUTO_INCREMENT untuk tabel `nilai`
--
ALTER TABLE `nilai`
  MODIFY `id_nilai` int(10) NOT NULL AUTO_INCREMENT, AUTO_INCREMENT=984;

--
-- AUTO_INCREMENT untuk tabel `penampung_c`
--
ALTER TABLE `penampung_c`
  MODIFY `id` int(11) NOT NULL AUTO_INCREMENT, AUTO_INCREMENT=1815;

--
-- AUTO_INCREMENT untuk tabel `penampung_d`
--
ALTER TABLE `penampung_d`
  MODIFY `id` int(11) NOT NULL AUTO_INCREMENT, AUTO_INCREMENT=147;

--
-- AUTO_INCREMENT untuk tabel `penampung_i`
--
ALTER TABLE `penampung_i`
  MODIFY `id` int(11) NOT NULL AUTO_INCREMENT, AUTO_INCREMENT=638;

--
-- AUTO_INCREMENT untuk tabel `penampung_s`
--
ALTER TABLE `penampung_s`
  MODIFY `id` int(11) NOT NULL AUTO_INCREMENT, AUTO_INCREMENT=157;

--
-- AUTO_INCREMENT untuk tabel `periode`
--
ALTER TABLE `periode`
  MODIFY `id` int(11) NOT NULL AUTO_INCREMENT, AUTO_INCREMENT=3;

--
-- AUTO_INCREMENT untuk tabel `soal`
--
ALTER TABLE `soal`
  MODIFY `id_soal` int(5) NOT NULL AUTO_INCREMENT, AUTO_INCREMENT=123;

--
-- AUTO_INCREMENT untuk tabel `ujian`
--
ALTER TABLE `ujian`
  MODIFY `id_ujian` int(5) NOT NULL AUTO_INCREMENT, AUTO_INCREMENT=88;

--
-- AUTO_INCREMENT untuk tabel `user`
--
ALTER TABLE `user`
  MODIFY `id_user` int(5) NOT NULL AUTO_INCREMENT, AUTO_INCREMENT=10;
COMMIT;

/*!40101 SET CHARACTER_SET_CLIENT=@OLD_CHARACTER_SET_CLIENT */;
/*!40101 SET CHARACTER_SET_RESULTS=@OLD_CHARACTER_SET_RESULTS */;
/*!40101 SET COLLATION_CONNECTION=@OLD_COLLATION_CONNECTION */;
